Geneset	Score	Score Type	Method	Validation Split	Geneset Collection	Network
ACYLGLYCEROL_METABOLIC_PROCESS	-inf	auPRC	SL-A-RF	Holdout	GOBP	BioGRID
ACYLGLYCEROL_METABOLIC_PROCESS	-inf	P@TopK	SL-A-RF	Holdout	GOBP	BioGRID
ACYLGLYCEROL_METABOLIC_PROCESS	0.433613	auROC	SL-A-RF	Holdout	GOBP	BioGRID
ACYLGLYCEROL_METABOLIC_PROCESS	0.305691	auPRC	SL-A-RF	5FCV	GOBP	BioGRID
ACYLGLYCEROL_METABOLIC_PROCESS	2.257380	P@TopK	SL-A-RF	5FCV	GOBP	BioGRID
ACYLGLYCEROL_METABOLIC_PROCESS	0.497639	auROC	SL-A-RF	5FCV	GOBP	BioGRID
ADHERENS_JUNCTION_ORGANIZATION	5.574632	auPRC	SL-A-RF	Holdout	GOBP	BioGRID
ADHERENS_JUNCTION_ORGANIZATION	6.241077	P@TopK	SL-A-RF	Holdout	GOBP	BioGRID
ADHERENS_JUNCTION_ORGANIZATION	0.871611	auROC	SL-A-RF	Holdout	GOBP	BioGRID
ADHERENS_JUNCTION_ORGANIZATION	4.707079	auPRC	SL-A-RF	5FCV	GOBP	BioGRID
ADHERENS_JUNCTION_ORGANIZATION	5.559258	P@TopK	SL-A-RF	5FCV	GOBP	BioGRID
ADHERENS_JUNCTION_ORGANIZATION	0.751522	auROC	SL-A-RF	5FCV	GOBP	BioGRID
AMINO_ACID_TRANSPORT	3.029717	auPRC	SL-A-RF	Holdout	GOBP	BioGRID
AMINO_ACID_TRANSPORT	2.592365	P@TopK	SL-A-RF	Holdout	GOBP	BioGRID
AMINO_ACID_TRANSPORT	0.652964	auROC	SL-A-RF	Holdout	GOBP	BioGRID
AMINO_ACID_TRANSPORT	1.735146	auPRC	SL-A-RF	5FCV	GOBP	BioGRID
AMINO_ACID_TRANSPORT	2.802319	P@TopK	SL-A-RF	5FCV	GOBP	BioGRID
AMINO_ACID_TRANSPORT	0.682686	auROC	SL-A-RF	5FCV	GOBP	BioGRID
ANTIGEN_PROCESSING_AND_PRESENTATION	2.913301	auPRC	SL-A-RF	Holdout	GOBP	BioGRID
ANTIGEN_PROCESSING_AND_PRESENTATION	4.180701	P@TopK	SL-A-RF	Holdout	GOBP	BioGRID
ANTIGEN_PROCESSING_AND_PRESENTATION	0.816338	auROC	SL-A-RF	Holdout	GOBP	BioGRID
ANTIGEN_PROCESSING_AND_PRESENTATION	3.200409	auPRC	SL-A-RF	5FCV	GOBP	BioGRID
ANTIGEN_PROCESSING_AND_PRESENTATION	3.562569	P@TopK	SL-A-RF	5FCV	GOBP	BioGRID
ANTIGEN_PROCESSING_AND_PRESENTATION	0.815620	auROC	SL-A-RF	5FCV	GOBP	BioGRID
APOPTOTIC_SIGNALING_PATHWAY	1.153261	auPRC	SL-A-RF	Holdout	GOBP	BioGRID
APOPTOTIC_SIGNALING_PATHWAY	2.561616	P@TopK	SL-A-RF	Holdout	GOBP	BioGRID
APOPTOTIC_SIGNALING_PATHWAY	0.582368	auROC	SL-A-RF	Holdout	GOBP	BioGRID
APOPTOTIC_SIGNALING_PATHWAY	2.761433	auPRC	SL-A-RF	5FCV	GOBP	BioGRID
APOPTOTIC_SIGNALING_PATHWAY	3.107597	P@TopK	SL-A-RF	5FCV	GOBP	BioGRID
APOPTOTIC_SIGNALING_PATHWAY	0.721234	auROC	SL-A-RF	5FCV	GOBP	BioGRID
CALCIUM_ION_TRANSPORT	3.302529	auPRC	SL-A-RF	Holdout	GOBP	BioGRID
CALCIUM_ION_TRANSPORT	3.495411	P@TopK	SL-A-RF	Holdout	GOBP	BioGRID
CALCIUM_ION_TRANSPORT	0.634881	auROC	SL-A-RF	Holdout	GOBP	BioGRID
CALCIUM_ION_TRANSPORT	2.747612	auPRC	SL-A-RF	5FCV	GOBP	BioGRID
CALCIUM_ION_TRANSPORT	3.295150	P@TopK	SL-A-RF	5FCV	GOBP	BioGRID
CALCIUM_ION_TRANSPORT	0.639289	auROC	SL-A-RF	5FCV	GOBP	BioGRID
CELL_JUNCTION_ASSEMBLY	2.788281	auPRC	SL-A-RF	Holdout	GOBP	BioGRID
CELL_JUNCTION_ASSEMBLY	4.166715	P@TopK	SL-A-RF	Holdout	GOBP	BioGRID
CELL_JUNCTION_ASSEMBLY	0.579591	auROC	SL-A-RF	Holdout	GOBP	BioGRID
CELL_JUNCTION_ASSEMBLY	3.779129	auPRC	SL-A-RF	5FCV	GOBP	BioGRID
CELL_JUNCTION_ASSEMBLY	4.254546	P@TopK	SL-A-RF	5FCV	GOBP	BioGRID
CELL_JUNCTION_ASSEMBLY	0.770601	auROC	SL-A-RF	5FCV	GOBP	BioGRID
CELL_SUBSTRATE_ADHESION	0.606700	auPRC	SL-A-RF	Holdout	GOBP	BioGRID
CELL_SUBSTRATE_ADHESION	-inf	P@TopK	SL-A-RF	Holdout	GOBP	BioGRID
CELL_SUBSTRATE_ADHESION	0.690779	auROC	SL-A-RF	Holdout	GOBP	BioGRID
CELL_SUBSTRATE_ADHESION	2.031489	auPRC	SL-A-RF	5FCV	GOBP	BioGRID
CELL_SUBSTRATE_ADHESION	3.176520	P@TopK	SL-A-RF	5FCV	GOBP	BioGRID
CELL_SUBSTRATE_ADHESION	0.670224	auROC	SL-A-RF	5FCV	GOBP	BioGRID
CELLULAR_RESPIRATION	4.649357	auPRC	SL-A-RF	Holdout	GOBP	BioGRID
CELLULAR_RESPIRATION	4.465410	P@TopK	SL-A-RF	Holdout	GOBP	BioGRID
CELLULAR_RESPIRATION	0.823175	auROC	SL-A-RF	Holdout	GOBP	BioGRID
CELLULAR_RESPIRATION	5.115710	auPRC	SL-A-RF	5FCV	GOBP	BioGRID
CELLULAR_RESPIRATION	5.083929	P@TopK	SL-A-RF	5FCV	GOBP	BioGRID
CELLULAR_RESPIRATION	0.865542	auROC	SL-A-RF	5FCV	GOBP	BioGRID
CHEMICAL_SYNAPTIC_TRANSMISSION	2.424121	auPRC	SL-A-RF	Holdout	GOBP	BioGRID
CHEMICAL_SYNAPTIC_TRANSMISSION	3.468603	P@TopK	SL-A-RF	Holdout	GOBP	BioGRID
CHEMICAL_SYNAPTIC_TRANSMISSION	0.522857	auROC	SL-A-RF	Holdout	GOBP	BioGRID
CHEMICAL_SYNAPTIC_TRANSMISSION	1.208833	auPRC	SL-A-RF	5FCV	GOBP	BioGRID
CHEMICAL_SYNAPTIC_TRANSMISSION	2.441174	P@TopK	SL-A-RF	5FCV	GOBP	BioGRID
CHEMICAL_SYNAPTIC_TRANSMISSION	0.585820	auROC	SL-A-RF	5FCV	GOBP	BioGRID
CHLORIDE_TRANSPORT	0.154530	auPRC	SL-A-RF	Holdout	GOBP	BioGRID
CHLORIDE_TRANSPORT	-inf	P@TopK	SL-A-RF	Holdout	GOBP	BioGRID
CHLORIDE_TRANSPORT	0.531360	auROC	SL-A-RF	Holdout	GOBP	BioGRID
CHLORIDE_TRANSPORT	1.029970	auPRC	SL-A-RF	5FCV	GOBP	BioGRID
CHLORIDE_TRANSPORT	-inf	P@TopK	SL-A-RF	5FCV	GOBP	BioGRID
CHLORIDE_TRANSPORT	0.622640	auROC	SL-A-RF	5FCV	GOBP	BioGRID
CHOLESTEROL_BIOSYNTHETIC_PROCESS	1.600614	auPRC	SL-A-RF	Holdout	GOBP	BioGRID
CHOLESTEROL_BIOSYNTHETIC_PROCESS	4.328406	P@TopK	SL-A-RF	Holdout	GOBP	BioGRID
CHOLESTEROL_BIOSYNTHETIC_PROCESS	0.635193	auROC	SL-A-RF	Holdout	GOBP	BioGRID
CHOLESTEROL_BIOSYNTHETIC_PROCESS	1.325968	auPRC	SL-A-RF	5FCV	GOBP	BioGRID
CHOLESTEROL_BIOSYNTHETIC_PROCESS	-inf	P@TopK	SL-A-RF	5FCV	GOBP	BioGRID
CHOLESTEROL_BIOSYNTHETIC_PROCESS	0.651203	auROC	SL-A-RF	5FCV	GOBP	BioGRID
CHROMATIN_ASSEMBLY_OR_DISASSEMBLY	5.284775	auPRC	SL-A-RF	Holdout	GOBP	BioGRID
CHROMATIN_ASSEMBLY_OR_DISASSEMBLY	5.462848	P@TopK	SL-A-RF	Holdout	GOBP	BioGRID
CHROMATIN_ASSEMBLY_OR_DISASSEMBLY	0.869258	auROC	SL-A-RF	Holdout	GOBP	BioGRID
CHROMATIN_ASSEMBLY_OR_DISASSEMBLY	5.351829	auPRC	SL-A-RF	5FCV	GOBP	BioGRID
CHROMATIN_ASSEMBLY_OR_DISASSEMBLY	5.258872	P@TopK	SL-A-RF	5FCV	GOBP	BioGRID
CHROMATIN_ASSEMBLY_OR_DISASSEMBLY	0.938138	auROC	SL-A-RF	5FCV	GOBP	BioGRID
COMPLEMENT_ACTIVATION	2.277685	auPRC	SL-A-RF	Holdout	GOBP	BioGRID
COMPLEMENT_ACTIVATION	3.579260	P@TopK	SL-A-RF	Holdout	GOBP	BioGRID
COMPLEMENT_ACTIVATION	0.646353	auROC	SL-A-RF	Holdout	GOBP	BioGRID
COMPLEMENT_ACTIVATION	3.189110	auPRC	SL-A-RF	5FCV	GOBP	BioGRID
COMPLEMENT_ACTIVATION	4.579498	P@TopK	SL-A-RF	5FCV	GOBP	BioGRID
COMPLEMENT_ACTIVATION	0.758133	auROC	SL-A-RF	5FCV	GOBP	BioGRID
DNA_DEPENDENT_DNA_REPLICATION	4.815899	auPRC	SL-A-RF	Holdout	GOBP	BioGRID
DNA_DEPENDENT_DNA_REPLICATION	4.994706	P@TopK	SL-A-RF	Holdout	GOBP	BioGRID
DNA_DEPENDENT_DNA_REPLICATION	0.870329	auROC	SL-A-RF	Holdout	GOBP	BioGRID
DNA_DEPENDENT_DNA_REPLICATION	5.295871	auPRC	SL-A-RF	5FCV	GOBP	BioGRID
DNA_DEPENDENT_DNA_REPLICATION	5.491909	P@TopK	SL-A-RF	5FCV	GOBP	BioGRID
DNA_DEPENDENT_DNA_REPLICATION	0.940936	auROC	SL-A-RF	5FCV	GOBP	BioGRID
DNA_TEMPLATED_TRANSCRIPTION_ELONGATION	6.409672	auPRC	SL-A-RF	Holdout	GOBP	BioGRID
DNA_TEMPLATED_TRANSCRIPTION_ELONGATION	6.758889	P@TopK	SL-A-RF	Holdout	GOBP	BioGRID
DNA_TEMPLATED_TRANSCRIPTION_ELONGATION	0.985265	auROC	SL-A-RF	Holdout	GOBP	BioGRID
DNA_TEMPLATED_TRANSCRIPTION_ELONGATION	5.609369	auPRC	SL-A-RF	5FCV	GOBP	BioGRID
DNA_TEMPLATED_TRANSCRIPTION_ELONGATION	5.605689	P@TopK	SL-A-RF	5FCV	GOBP	BioGRID
DNA_TEMPLATED_TRANSCRIPTION_ELONGATION	0.981127	auROC	SL-A-RF	5FCV	GOBP	BioGRID
DNA_TEMPLATED_TRANSCRIPTION_TERMINATION	5.686569	auPRC	SL-A-RF	Holdout	GOBP	BioGRID
DNA_TEMPLATED_TRANSCRIPTION_TERMINATION	5.679480	P@TopK	SL-A-RF	Holdout	GOBP	BioGRID
DNA_TEMPLATED_TRANSCRIPTION_TERMINATION	0.892888	auROC	SL-A-RF	Holdout	GOBP	BioGRID
DNA_TEMPLATED_TRANSCRIPTION_TERMINATION	5.496628	auPRC	SL-A-RF	5FCV	GOBP	BioGRID
DNA_TEMPLATED_TRANSCRIPTION_TERMINATION	5.344848	P@TopK	SL-A-RF	5FCV	GOBP	BioGRID
DNA_TEMPLATED_TRANSCRIPTION_TERMINATION	0.949688	auROC	SL-A-RF	5FCV	GOBP	BioGRID
DOUBLE_STRAND_BREAK_REPAIR	3.804011	auPRC	SL-A-RF	Holdout	GOBP	BioGRID
DOUBLE_STRAND_BREAK_REPAIR	4.306060	P@TopK	SL-A-RF	Holdout	GOBP	BioGRID
DOUBLE_STRAND_BREAK_REPAIR	0.742834	auROC	SL-A-RF	Holdout	GOBP	BioGRID
DOUBLE_STRAND_BREAK_REPAIR	4.498180	auPRC	SL-A-RF	5FCV	GOBP	BioGRID
DOUBLE_STRAND_BREAK_REPAIR	4.512102	P@TopK	SL-A-RF	5FCV	GOBP	BioGRID
DOUBLE_STRAND_BREAK_REPAIR	0.868285	auROC	SL-A-RF	5FCV	GOBP	BioGRID
DRUG_TRANSPORT	0.596406	auPRC	SL-A-RF	Holdout	GOBP	BioGRID
DRUG_TRANSPORT	-inf	P@TopK	SL-A-RF	Holdout	GOBP	BioGRID
DRUG_TRANSPORT	0.589923	auROC	SL-A-RF	Holdout	GOBP	BioGRID
DRUG_TRANSPORT	0.127934	auPRC	SL-A-RF	5FCV	GOBP	BioGRID
DRUG_TRANSPORT	1.644574	P@TopK	SL-A-RF	5FCV	GOBP	BioGRID
DRUG_TRANSPORT	0.488052	auROC	SL-A-RF	5FCV	GOBP	BioGRID
ENDOPLASMIC_RETICULUM_ORGANIZATION	1.059535	auPRC	SL-A-RF	Holdout	GOBP	BioGRID
ENDOPLASMIC_RETICULUM_ORGANIZATION	-inf	P@TopK	SL-A-RF	Holdout	GOBP	BioGRID
ENDOPLASMIC_RETICULUM_ORGANIZATION	0.553846	auROC	SL-A-RF	Holdout	GOBP	BioGRID
ENDOPLASMIC_RETICULUM_ORGANIZATION	3.103998	auPRC	SL-A-RF	5FCV	GOBP	BioGRID
ENDOPLASMIC_RETICULUM_ORGANIZATION	4.563158	P@TopK	SL-A-RF	5FCV	GOBP	BioGRID
ENDOPLASMIC_RETICULUM_ORGANIZATION	0.776517	auROC	SL-A-RF	5FCV	GOBP	BioGRID
ENDOSOME_ORGANIZATION	4.810721	auPRC	SL-A-RF	Holdout	GOBP	BioGRID
ENDOSOME_ORGANIZATION	5.014585	P@TopK	SL-A-RF	Holdout	GOBP	BioGRID
ENDOSOME_ORGANIZATION	0.716581	auROC	SL-A-RF	Holdout	GOBP	BioGRID
ENDOSOME_ORGANIZATION	4.889547	auPRC	SL-A-RF	5FCV	GOBP	BioGRID
ENDOSOME_ORGANIZATION	5.358959	P@TopK	SL-A-RF	5FCV	GOBP	BioGRID
ENDOSOME_ORGANIZATION	0.816333	auROC	SL-A-RF	5FCV	GOBP	BioGRID
ER_TO_GOLGI_VESICLE_MEDIATED_TRANSPORT	3.589406	auPRC	SL-A-RF	Holdout	GOBP	BioGRID
ER_TO_GOLGI_VESICLE_MEDIATED_TRANSPORT	3.882255	P@TopK	SL-A-RF	Holdout	GOBP	BioGRID
ER_TO_GOLGI_VESICLE_MEDIATED_TRANSPORT	0.714863	auROC	SL-A-RF	Holdout	GOBP	BioGRID
ER_TO_GOLGI_VESICLE_MEDIATED_TRANSPORT	4.066499	auPRC	SL-A-RF	5FCV	GOBP	BioGRID
ER_TO_GOLGI_VESICLE_MEDIATED_TRANSPORT	4.229398	P@TopK	SL-A-RF	5FCV	GOBP	BioGRID
ER_TO_GOLGI_VESICLE_MEDIATED_TRANSPORT	0.816196	auROC	SL-A-RF	5FCV	GOBP	BioGRID
ESTABLISHMENT_OF_PROTEIN_LOCALIZATION_TO_MEMBRANE	1.527993	auPRC	SL-A-RF	Holdout	GOBP	BioGRID
ESTABLISHMENT_OF_PROTEIN_LOCALIZATION_TO_MEMBRANE	2.902982	P@TopK	SL-A-RF	Holdout	GOBP	BioGRID
ESTABLISHMENT_OF_PROTEIN_LOCALIZATION_TO_MEMBRANE	0.592473	auROC	SL-A-RF	Holdout	GOBP	BioGRID
ESTABLISHMENT_OF_PROTEIN_LOCALIZATION_TO_MEMBRANE	4.211011	auPRC	SL-A-RF	5FCV	GOBP	BioGRID
ESTABLISHMENT_OF_PROTEIN_LOCALIZATION_TO_MEMBRANE	4.127088	P@TopK	SL-A-RF	5FCV	GOBP	BioGRID
ESTABLISHMENT_OF_PROTEIN_LOCALIZATION_TO_MEMBRANE	0.815414	auROC	SL-A-RF	5FCV	GOBP	BioGRID
EXTRACELLULAR_MATRIX_ORGANIZATION	2.284031	auPRC	SL-A-RF	Holdout	GOBP	BioGRID
EXTRACELLULAR_MATRIX_ORGANIZATION	3.014355	P@TopK	SL-A-RF	Holdout	GOBP	BioGRID
EXTRACELLULAR_MATRIX_ORGANIZATION	0.697412	auROC	SL-A-RF	Holdout	GOBP	BioGRID
EXTRACELLULAR_MATRIX_ORGANIZATION	3.067204	auPRC	SL-A-RF	5FCV	GOBP	BioGRID
EXTRACELLULAR_MATRIX_ORGANIZATION	3.580230	P@TopK	SL-A-RF	5FCV	GOBP	BioGRID
EXTRACELLULAR_MATRIX_ORGANIZATION	0.786155	auROC	SL-A-RF	5FCV	GOBP	BioGRID
FATTY_ACID_CATABOLIC_PROCESS	4.384598	auPRC	SL-A-RF	Holdout	GOBP	BioGRID
FATTY_ACID_CATABOLIC_PROCESS	5.012748	P@TopK	SL-A-RF	Holdout	GOBP	BioGRID
FATTY_ACID_CATABOLIC_PROCESS	0.762307	auROC	SL-A-RF	Holdout	GOBP	BioGRID
FATTY_ACID_CATABOLIC_PROCESS	4.700748	auPRC	SL-A-RF	5FCV	GOBP	BioGRID
FATTY_ACID_CATABOLIC_PROCESS	5.117579	P@TopK	SL-A-RF	5FCV	GOBP	BioGRID
FATTY_ACID_CATABOLIC_PROCESS	0.783419	auROC	SL-A-RF	5FCV	GOBP	BioGRID
GLYCEROPHOSPHOLIPID_METABOLIC_PROCESS	0.740261	auPRC	SL-A-RF	Holdout	GOBP	BioGRID
GLYCEROPHOSPHOLIPID_METABOLIC_PROCESS	1.354394	P@TopK	SL-A-RF	Holdout	GOBP	BioGRID
GLYCEROPHOSPHOLIPID_METABOLIC_PROCESS	0.548822	auROC	SL-A-RF	Holdout	GOBP	BioGRID
GLYCEROPHOSPHOLIPID_METABOLIC_PROCESS	1.161362	auPRC	SL-A-RF	5FCV	GOBP	BioGRID
GLYCEROPHOSPHOLIPID_METABOLIC_PROCESS	2.033893	P@TopK	SL-A-RF	5FCV	GOBP	BioGRID
GLYCEROPHOSPHOLIPID_METABOLIC_PROCESS	0.590983	auROC	SL-A-RF	5FCV	GOBP	BioGRID
GLYCOSPHINGOLIPID_METABOLIC_PROCESS	2.607941	auPRC	SL-A-RF	Holdout	GOBP	BioGRID
GLYCOSPHINGOLIPID_METABOLIC_PROCESS	4.750629	P@TopK	SL-A-RF	Holdout	GOBP	BioGRID
GLYCOSPHINGOLIPID_METABOLIC_PROCESS	0.568266	auROC	SL-A-RF	Holdout	GOBP	BioGRID
GLYCOSPHINGOLIPID_METABOLIC_PROCESS	1.289556	auPRC	SL-A-RF	5FCV	GOBP	BioGRID
GLYCOSPHINGOLIPID_METABOLIC_PROCESS	2.092105	P@TopK	SL-A-RF	5FCV	GOBP	BioGRID
GLYCOSPHINGOLIPID_METABOLIC_PROCESS	0.508602	auROC	SL-A-RF	5FCV	GOBP	BioGRID
GOLGI_ORGANIZATION	2.466335	auPRC	SL-A-RF	Holdout	GOBP	BioGRID
GOLGI_ORGANIZATION	3.081885	P@TopK	SL-A-RF	Holdout	GOBP	BioGRID
GOLGI_ORGANIZATION	0.668304	auROC	SL-A-RF	Holdout	GOBP	BioGRID
GOLGI_ORGANIZATION	3.510593	auPRC	SL-A-RF	5FCV	GOBP	BioGRID
GOLGI_ORGANIZATION	4.093085	P@TopK	SL-A-RF	5FCV	GOBP	BioGRID
GOLGI_ORGANIZATION	0.754825	auROC	SL-A-RF	5FCV	GOBP	BioGRID
GOLGI_TO_PLASMA_MEMBRANE_TRANSPORT	5.504484	auPRC	SL-A-RF	Holdout	GOBP	BioGRID
GOLGI_TO_PLASMA_MEMBRANE_TRANSPORT	5.799087	P@TopK	SL-A-RF	Holdout	GOBP	BioGRID
GOLGI_TO_PLASMA_MEMBRANE_TRANSPORT	0.669447	auROC	SL-A-RF	Holdout	GOBP	BioGRID
GOLGI_TO_PLASMA_MEMBRANE_TRANSPORT	2.207891	auPRC	SL-A-RF	5FCV	GOBP	BioGRID
GOLGI_TO_PLASMA_MEMBRANE_TRANSPORT	3.396079	P@TopK	SL-A-RF	5FCV	GOBP	BioGRID
GOLGI_TO_PLASMA_MEMBRANE_TRANSPORT	0.664302	auROC	SL-A-RF	5FCV	GOBP	BioGRID
G_PROTEIN_COUPLED_RECEPTOR_SIGNALING_PATHWAY_COUPLED_TO_CYCLIC_NUCLEOTIDE_SECOND_MESSENGER	4.439726	auPRC	SL-A-RF	Holdout	GOBP	BioGRID
G_PROTEIN_COUPLED_RECEPTOR_SIGNALING_PATHWAY_COUPLED_TO_CYCLIC_NUCLEOTIDE_SECOND_MESSENGER	4.217231	P@TopK	SL-A-RF	Holdout	GOBP	BioGRID
G_PROTEIN_COUPLED_RECEPTOR_SIGNALING_PATHWAY_COUPLED_TO_CYCLIC_NUCLEOTIDE_SECOND_MESSENGER	0.617162	auROC	SL-A-RF	Holdout	GOBP	BioGRID
G_PROTEIN_COUPLED_RECEPTOR_SIGNALING_PATHWAY_COUPLED_TO_CYCLIC_NUCLEOTIDE_SECOND_MESSENGER	3.005841	auPRC	SL-A-RF	5FCV	GOBP	BioGRID
G_PROTEIN_COUPLED_RECEPTOR_SIGNALING_PATHWAY_COUPLED_TO_CYCLIC_NUCLEOTIDE_SECOND_MESSENGER	3.908812	P@TopK	SL-A-RF	5FCV	GOBP	BioGRID
G_PROTEIN_COUPLED_RECEPTOR_SIGNALING_PATHWAY_COUPLED_TO_CYCLIC_NUCLEOTIDE_SECOND_MESSENGER	0.691697	auROC	SL-A-RF	5FCV	GOBP	BioGRID
INTRINSIC_APOPTOTIC_SIGNALING_PATHWAY	2.779243	auPRC	SL-A-RF	Holdout	GOBP	BioGRID
INTRINSIC_APOPTOTIC_SIGNALING_PATHWAY	3.380394	P@TopK	SL-A-RF	Holdout	GOBP	BioGRID
INTRINSIC_APOPTOTIC_SIGNALING_PATHWAY	0.614556	auROC	SL-A-RF	Holdout	GOBP	BioGRID
INTRINSIC_APOPTOTIC_SIGNALING_PATHWAY	2.718105	auPRC	SL-A-RF	5FCV	GOBP	BioGRID
INTRINSIC_APOPTOTIC_SIGNALING_PATHWAY	3.698215	P@TopK	SL-A-RF	5FCV	GOBP	BioGRID
INTRINSIC_APOPTOTIC_SIGNALING_PATHWAY	0.735460	auROC	SL-A-RF	5FCV	GOBP	BioGRID
LONG_CHAIN_FATTY_ACID_METABOLIC_PROCESS	0.934299	auPRC	SL-A-RF	Holdout	GOBP	BioGRID
LONG_CHAIN_FATTY_ACID_METABOLIC_PROCESS	-inf	P@TopK	SL-A-RF	Holdout	GOBP	BioGRID
LONG_CHAIN_FATTY_ACID_METABOLIC_PROCESS	0.547216	auROC	SL-A-RF	Holdout	GOBP	BioGRID
LONG_CHAIN_FATTY_ACID_METABOLIC_PROCESS	3.473005	auPRC	SL-A-RF	5FCV	GOBP	BioGRID
LONG_CHAIN_FATTY_ACID_METABOLIC_PROCESS	4.343483	P@TopK	SL-A-RF	5FCV	GOBP	BioGRID
LONG_CHAIN_FATTY_ACID_METABOLIC_PROCESS	0.644223	auROC	SL-A-RF	5FCV	GOBP	BioGRID
LYSOSOMAL_TRANSPORT	4.566758	auPRC	SL-A-RF	Holdout	GOBP	BioGRID
LYSOSOMAL_TRANSPORT	4.480235	P@TopK	SL-A-RF	Holdout	GOBP	BioGRID
LYSOSOMAL_TRANSPORT	0.749090	auROC	SL-A-RF	Holdout	GOBP	BioGRID
LYSOSOMAL_TRANSPORT	4.889485	auPRC	SL-A-RF	5FCV	GOBP	BioGRID
LYSOSOMAL_TRANSPORT	4.918861	P@TopK	SL-A-RF	5FCV	GOBP	BioGRID
LYSOSOMAL_TRANSPORT	0.818118	auROC	SL-A-RF	5FCV	GOBP	BioGRID
MACROAUTOPHAGY	3.858978	auPRC	SL-A-RF	Holdout	GOBP	BioGRID
MACROAUTOPHAGY	4.107005	P@TopK	SL-A-RF	Holdout	GOBP	BioGRID
MACROAUTOPHAGY	0.751843	auROC	SL-A-RF	Holdout	GOBP	BioGRID
MACROAUTOPHAGY	4.446380	auPRC	SL-A-RF	5FCV	GOBP	BioGRID
MACROAUTOPHAGY	4.630155	P@TopK	SL-A-RF	5FCV	GOBP	BioGRID
MACROAUTOPHAGY	0.856087	auROC	SL-A-RF	5FCV	GOBP	BioGRID
MICROTUBULE_BUNDLE_FORMATION	0.340372	auPRC	SL-A-RF	Holdout	GOBP	BioGRID
MICROTUBULE_BUNDLE_FORMATION	2.305971	P@TopK	SL-A-RF	Holdout	GOBP	BioGRID
MICROTUBULE_BUNDLE_FORMATION	0.511504	auROC	SL-A-RF	Holdout	GOBP	BioGRID
MICROTUBULE_BUNDLE_FORMATION	1.657747	auPRC	SL-A-RF	5FCV	GOBP	BioGRID
MICROTUBULE_BUNDLE_FORMATION	2.721251	P@TopK	SL-A-RF	5FCV	GOBP	BioGRID
MICROTUBULE_BUNDLE_FORMATION	0.570618	auROC	SL-A-RF	5FCV	GOBP	BioGRID
MICROTUBULE_ORGANIZING_CENTER_ORGANIZATION	5.872293	auPRC	SL-A-RF	Holdout	GOBP	BioGRID
MICROTUBULE_ORGANIZING_CENTER_ORGANIZATION	5.868443	P@TopK	SL-A-RF	Holdout	GOBP	BioGRID
MICROTUBULE_ORGANIZING_CENTER_ORGANIZATION	0.848495	auROC	SL-A-RF	Holdout	GOBP	BioGRID
MICROTUBULE_ORGANIZING_CENTER_ORGANIZATION	5.228883	auPRC	SL-A-RF	5FCV	GOBP	BioGRID
MICROTUBULE_ORGANIZING_CENTER_ORGANIZATION	5.408508	P@TopK	SL-A-RF	5FCV	GOBP	BioGRID
MICROTUBULE_ORGANIZING_CENTER_ORGANIZATION	0.837735	auROC	SL-A-RF	5FCV	GOBP	BioGRID
MRNA_3_END_PROCESSING	6.015375	auPRC	SL-A-RF	Holdout	GOBP	BioGRID
MRNA_3_END_PROCESSING	5.881556	P@TopK	SL-A-RF	Holdout	GOBP	BioGRID
MRNA_3_END_PROCESSING	0.948794	auROC	SL-A-RF	Holdout	GOBP	BioGRID
MRNA_3_END_PROCESSING	5.765732	auPRC	SL-A-RF	5FCV	GOBP	BioGRID
MRNA_3_END_PROCESSING	5.781902	P@TopK	SL-A-RF	5FCV	GOBP	BioGRID
MRNA_3_END_PROCESSING	0.955169	auROC	SL-A-RF	5FCV	GOBP	BioGRID
MRNA_CATABOLIC_PROCESS	4.741563	auPRC	SL-A-RF	Holdout	GOBP	BioGRID
MRNA_CATABOLIC_PROCESS	4.607167	P@TopK	SL-A-RF	Holdout	GOBP	BioGRID
MRNA_CATABOLIC_PROCESS	0.822416	auROC	SL-A-RF	Holdout	GOBP	BioGRID
MRNA_CATABOLIC_PROCESS	4.663973	auPRC	SL-A-RF	5FCV	GOBP	BioGRID
MRNA_CATABOLIC_PROCESS	4.557505	P@TopK	SL-A-RF	5FCV	GOBP	BioGRID
MRNA_CATABOLIC_PROCESS	0.936235	auROC	SL-A-RF	5FCV	GOBP	BioGRID
NEURON_PROJECTION_MORPHOGENESIS	2.912578	auPRC	SL-A-RF	Holdout	GOBP	BioGRID
NEURON_PROJECTION_MORPHOGENESIS	3.622898	P@TopK	SL-A-RF	Holdout	GOBP	BioGRID
NEURON_PROJECTION_MORPHOGENESIS	0.650638	auROC	SL-A-RF	Holdout	GOBP	BioGRID
NEURON_PROJECTION_MORPHOGENESIS	2.490822	auPRC	SL-A-RF	5FCV	GOBP	BioGRID
NEURON_PROJECTION_MORPHOGENESIS	3.166340	P@TopK	SL-A-RF	5FCV	GOBP	BioGRID
NEURON_PROJECTION_MORPHOGENESIS	0.680033	auROC	SL-A-RF	5FCV	GOBP	BioGRID
NICOTINAMIDE_NUCLEOTIDE_METABOLIC_PROCESS	2.969000	auPRC	SL-A-RF	Holdout	GOBP	BioGRID
NICOTINAMIDE_NUCLEOTIDE_METABOLIC_PROCESS	3.992768	P@TopK	SL-A-RF	Holdout	GOBP	BioGRID
NICOTINAMIDE_NUCLEOTIDE_METABOLIC_PROCESS	0.730931	auROC	SL-A-RF	Holdout	GOBP	BioGRID
NICOTINAMIDE_NUCLEOTIDE_METABOLIC_PROCESS	2.749564	auPRC	SL-A-RF	5FCV	GOBP	BioGRID
NICOTINAMIDE_NUCLEOTIDE_METABOLIC_PROCESS	4.003188	P@TopK	SL-A-RF	5FCV	GOBP	BioGRID
NICOTINAMIDE_NUCLEOTIDE_METABOLIC_PROCESS	0.755688	auROC	SL-A-RF	5FCV	GOBP	BioGRID
NUCLEUS_ORGANIZATION	4.945377	auPRC	SL-A-RF	Holdout	GOBP	BioGRID
NUCLEUS_ORGANIZATION	4.938979	P@TopK	SL-A-RF	Holdout	GOBP	BioGRID
NUCLEUS_ORGANIZATION	0.726886	auROC	SL-A-RF	Holdout	GOBP	BioGRID
NUCLEUS_ORGANIZATION	4.882311	auPRC	SL-A-RF	5FCV	GOBP	BioGRID
NUCLEUS_ORGANIZATION	4.958575	P@TopK	SL-A-RF	5FCV	GOBP	BioGRID
NUCLEUS_ORGANIZATION	0.794069	auROC	SL-A-RF	5FCV	GOBP	BioGRID
PEPTIDYL_SERINE_PHOSPHORYLATION	5.120316	auPRC	SL-A-RF	Holdout	GOBP	BioGRID
PEPTIDYL_SERINE_PHOSPHORYLATION	5.641546	P@TopK	SL-A-RF	Holdout	GOBP	BioGRID
PEPTIDYL_SERINE_PHOSPHORYLATION	0.570073	auROC	SL-A-RF	Holdout	GOBP	BioGRID
PEPTIDYL_SERINE_PHOSPHORYLATION	3.664873	auPRC	SL-A-RF	5FCV	GOBP	BioGRID
PEPTIDYL_SERINE_PHOSPHORYLATION	4.452847	P@TopK	SL-A-RF	5FCV	GOBP	BioGRID
PEPTIDYL_SERINE_PHOSPHORYLATION	0.760846	auROC	SL-A-RF	5FCV	GOBP	BioGRID
PEROXISOME_ORGANIZATION	6.283155	auPRC	SL-A-RF	Holdout	GOBP	BioGRID
PEROXISOME_ORGANIZATION	5.822670	P@TopK	SL-A-RF	Holdout	GOBP	BioGRID
PEROXISOME_ORGANIZATION	0.941518	auROC	SL-A-RF	Holdout	GOBP	BioGRID
PEROXISOME_ORGANIZATION	6.514891	auPRC	SL-A-RF	5FCV	GOBP	BioGRID
PEROXISOME_ORGANIZATION	6.578835	P@TopK	SL-A-RF	5FCV	GOBP	BioGRID
PEROXISOME_ORGANIZATION	0.925245	auROC	SL-A-RF	5FCV	GOBP	BioGRID
PHOSPHOLIPID_TRANSPORT	2.266844	auPRC	SL-A-RF	Holdout	GOBP	BioGRID
PHOSPHOLIPID_TRANSPORT	3.735462	P@TopK	SL-A-RF	Holdout	GOBP	BioGRID
PHOSPHOLIPID_TRANSPORT	0.520287	auROC	SL-A-RF	Holdout	GOBP	BioGRID
PHOSPHOLIPID_TRANSPORT	3.375833	auPRC	SL-A-RF	5FCV	GOBP	BioGRID
PHOSPHOLIPID_TRANSPORT	4.075563	P@TopK	SL-A-RF	5FCV	GOBP	BioGRID
PHOSPHOLIPID_TRANSPORT	0.604944	auROC	SL-A-RF	5FCV	GOBP	BioGRID
POTASSIUM_ION_TRANSPORT	4.388867	auPRC	SL-A-RF	Holdout	GOBP	BioGRID
POTASSIUM_ION_TRANSPORT	4.265287	P@TopK	SL-A-RF	Holdout	GOBP	BioGRID
POTASSIUM_ION_TRANSPORT	0.727637	auROC	SL-A-RF	Holdout	GOBP	BioGRID
POTASSIUM_ION_TRANSPORT	4.043018	auPRC	SL-A-RF	5FCV	GOBP	BioGRID
POTASSIUM_ION_TRANSPORT	4.599261	P@TopK	SL-A-RF	5FCV	GOBP	BioGRID
POTASSIUM_ION_TRANSPORT	0.788218	auROC	SL-A-RF	5FCV	GOBP	BioGRID
PROTEASOMAL_PROTEIN_CATABOLIC_PROCESS	4.111523	auPRC	SL-A-RF	Holdout	GOBP	BioGRID
PROTEASOMAL_PROTEIN_CATABOLIC_PROCESS	4.159662	P@TopK	SL-A-RF	Holdout	GOBP	BioGRID
PROTEASOMAL_PROTEIN_CATABOLIC_PROCESS	0.891785	auROC	SL-A-RF	Holdout	GOBP	BioGRID
PROTEASOMAL_PROTEIN_CATABOLIC_PROCESS	4.061839	auPRC	SL-A-RF	5FCV	GOBP	BioGRID
PROTEASOMAL_PROTEIN_CATABOLIC_PROCESS	4.024899	P@TopK	SL-A-RF	5FCV	GOBP	BioGRID
PROTEASOMAL_PROTEIN_CATABOLIC_PROCESS	0.922356	auROC	SL-A-RF	5FCV	GOBP	BioGRID
PROTEIN_ACETYLATION	5.242196	auPRC	SL-A-RF	Holdout	GOBP	BioGRID
PROTEIN_ACETYLATION	5.167536	P@TopK	SL-A-RF	Holdout	GOBP	BioGRID
PROTEIN_ACETYLATION	0.881332	auROC	SL-A-RF	Holdout	GOBP	BioGRID
PROTEIN_ACETYLATION	5.098569	auPRC	SL-A-RF	5FCV	GOBP	BioGRID
PROTEIN_ACETYLATION	5.262788	P@TopK	SL-A-RF	5FCV	GOBP	BioGRID
PROTEIN_ACETYLATION	0.906593	auROC	SL-A-RF	5FCV	GOBP	BioGRID
PROTEIN_AUTOPHOSPHORYLATION	2.794017	auPRC	SL-A-RF	Holdout	GOBP	BioGRID
PROTEIN_AUTOPHOSPHORYLATION	2.536571	P@TopK	SL-A-RF	Holdout	GOBP	BioGRID
PROTEIN_AUTOPHOSPHORYLATION	0.773604	auROC	SL-A-RF	Holdout	GOBP	BioGRID
PROTEIN_AUTOPHOSPHORYLATION	3.263961	auPRC	SL-A-RF	5FCV	GOBP	BioGRID
PROTEIN_AUTOPHOSPHORYLATION	3.822877	P@TopK	SL-A-RF	5FCV	GOBP	BioGRID
PROTEIN_AUTOPHOSPHORYLATION	0.826564	auROC	SL-A-RF	5FCV	GOBP	BioGRID
PROTEIN_DEPHOSPHORYLATION	0.665038	auPRC	SL-A-RF	Holdout	GOBP	BioGRID
PROTEIN_DEPHOSPHORYLATION	0.336086	P@TopK	SL-A-RF	Holdout	GOBP	BioGRID
PROTEIN_DEPHOSPHORYLATION	0.598032	auROC	SL-A-RF	Holdout	GOBP	BioGRID
PROTEIN_DEPHOSPHORYLATION	1.292607	auPRC	SL-A-RF	5FCV	GOBP	BioGRID
PROTEIN_DEPHOSPHORYLATION	1.877240	P@TopK	SL-A-RF	5FCV	GOBP	BioGRID
PROTEIN_DEPHOSPHORYLATION	0.693388	auROC	SL-A-RF	5FCV	GOBP	BioGRID
PROTEIN_EXPORT_FROM_NUCLEUS	5.027041	auPRC	SL-A-RF	Holdout	GOBP	BioGRID
PROTEIN_EXPORT_FROM_NUCLEUS	5.018509	P@TopK	SL-A-RF	Holdout	GOBP	BioGRID
PROTEIN_EXPORT_FROM_NUCLEUS	0.859660	auROC	SL-A-RF	Holdout	GOBP	BioGRID
PROTEIN_EXPORT_FROM_NUCLEUS	5.047572	auPRC	SL-A-RF	5FCV	GOBP	BioGRID
PROTEIN_EXPORT_FROM_NUCLEUS	5.146952	P@TopK	SL-A-RF	5FCV	GOBP	BioGRID
PROTEIN_EXPORT_FROM_NUCLEUS	0.931356	auROC	SL-A-RF	5FCV	GOBP	BioGRID
PROTEIN_FOLDING	3.809549	auPRC	SL-A-RF	Holdout	GOBP	BioGRID
PROTEIN_FOLDING	4.130046	P@TopK	SL-A-RF	Holdout	GOBP	BioGRID
PROTEIN_FOLDING	0.737527	auROC	SL-A-RF	Holdout	GOBP	BioGRID
PROTEIN_FOLDING	4.303581	auPRC	SL-A-RF	5FCV	GOBP	BioGRID
PROTEIN_FOLDING	4.430993	P@TopK	SL-A-RF	5FCV	GOBP	BioGRID
PROTEIN_FOLDING	0.880442	auROC	SL-A-RF	5FCV	GOBP	BioGRID
PROTEIN_GLYCOSYLATION	1.279227	auPRC	SL-A-RF	Holdout	GOBP	BioGRID
PROTEIN_GLYCOSYLATION	2.384999	P@TopK	SL-A-RF	Holdout	GOBP	BioGRID
PROTEIN_GLYCOSYLATION	0.621922	auROC	SL-A-RF	Holdout	GOBP	BioGRID
PROTEIN_GLYCOSYLATION	1.787499	auPRC	SL-A-RF	5FCV	GOBP	BioGRID
PROTEIN_GLYCOSYLATION	2.839600	P@TopK	SL-A-RF	5FCV	GOBP	BioGRID
PROTEIN_GLYCOSYLATION	0.660993	auROC	SL-A-RF	5FCV	GOBP	BioGRID
PROTEIN_LIPIDATION	0.987998	auPRC	SL-A-RF	Holdout	GOBP	BioGRID
PROTEIN_LIPIDATION	2.155998	P@TopK	SL-A-RF	Holdout	GOBP	BioGRID
PROTEIN_LIPIDATION	0.621433	auROC	SL-A-RF	Holdout	GOBP	BioGRID
PROTEIN_LIPIDATION	2.406208	auPRC	SL-A-RF	5FCV	GOBP	BioGRID
PROTEIN_LIPIDATION	3.729564	P@TopK	SL-A-RF	5FCV	GOBP	BioGRID
PROTEIN_LIPIDATION	0.609232	auROC	SL-A-RF	5FCV	GOBP	BioGRID
PROTEIN_METHYLATION	2.598305	auPRC	SL-A-RF	Holdout	GOBP	BioGRID
PROTEIN_METHYLATION	3.089470	P@TopK	SL-A-RF	Holdout	GOBP	BioGRID
PROTEIN_METHYLATION	0.603869	auROC	SL-A-RF	Holdout	GOBP	BioGRID
PROTEIN_METHYLATION	3.542776	auPRC	SL-A-RF	5FCV	GOBP	BioGRID
PROTEIN_METHYLATION	4.191291	P@TopK	SL-A-RF	5FCV	GOBP	BioGRID
PROTEIN_METHYLATION	0.804730	auROC	SL-A-RF	5FCV	GOBP	BioGRID
PROTEIN_STABILIZATION	0.767806	auPRC	SL-A-RF	Holdout	GOBP	BioGRID
PROTEIN_STABILIZATION	-inf	P@TopK	SL-A-RF	Holdout	GOBP	BioGRID
PROTEIN_STABILIZATION	0.568736	auROC	SL-A-RF	Holdout	GOBP	BioGRID
PROTEIN_STABILIZATION	2.723741	auPRC	SL-A-RF	5FCV	GOBP	BioGRID
PROTEIN_STABILIZATION	2.992569	P@TopK	SL-A-RF	5FCV	GOBP	BioGRID
PROTEIN_STABILIZATION	0.732744	auROC	SL-A-RF	5FCV	GOBP	BioGRID
PURINE_RIBONUCLEOSIDE_MONOPHOSPHATE_BIOSYNTHETIC_PROCESS	3.886075	auPRC	SL-A-RF	Holdout	GOBP	BioGRID
PURINE_RIBONUCLEOSIDE_MONOPHOSPHATE_BIOSYNTHETIC_PROCESS	4.316146	P@TopK	SL-A-RF	Holdout	GOBP	BioGRID
PURINE_RIBONUCLEOSIDE_MONOPHOSPHATE_BIOSYNTHETIC_PROCESS	0.716164	auROC	SL-A-RF	Holdout	GOBP	BioGRID
PURINE_RIBONUCLEOSIDE_MONOPHOSPHATE_BIOSYNTHETIC_PROCESS	4.640740	auPRC	SL-A-RF	5FCV	GOBP	BioGRID
PURINE_RIBONUCLEOSIDE_MONOPHOSPHATE_BIOSYNTHETIC_PROCESS	4.949845	P@TopK	SL-A-RF	5FCV	GOBP	BioGRID
PURINE_RIBONUCLEOSIDE_MONOPHOSPHATE_BIOSYNTHETIC_PROCESS	0.762653	auROC	SL-A-RF	5FCV	GOBP	BioGRID
PYRUVATE_METABOLIC_PROCESS	3.010009	auPRC	SL-A-RF	Holdout	GOBP	BioGRID
PYRUVATE_METABOLIC_PROCESS	5.296457	P@TopK	SL-A-RF	Holdout	GOBP	BioGRID
PYRUVATE_METABOLIC_PROCESS	0.703708	auROC	SL-A-RF	Holdout	GOBP	BioGRID
PYRUVATE_METABOLIC_PROCESS	3.685540	auPRC	SL-A-RF	5FCV	GOBP	BioGRID
PYRUVATE_METABOLIC_PROCESS	4.881909	P@TopK	SL-A-RF	5FCV	GOBP	BioGRID
PYRUVATE_METABOLIC_PROCESS	0.810430	auROC	SL-A-RF	5FCV	GOBP	BioGRID
RAS_PROTEIN_SIGNAL_TRANSDUCTION	2.295810	auPRC	SL-A-RF	Holdout	GOBP	BioGRID
RAS_PROTEIN_SIGNAL_TRANSDUCTION	3.244048	P@TopK	SL-A-RF	Holdout	GOBP	BioGRID
RAS_PROTEIN_SIGNAL_TRANSDUCTION	0.650492	auROC	SL-A-RF	Holdout	GOBP	BioGRID
RAS_PROTEIN_SIGNAL_TRANSDUCTION	3.849320	auPRC	SL-A-RF	5FCV	GOBP	BioGRID
RAS_PROTEIN_SIGNAL_TRANSDUCTION	3.707014	P@TopK	SL-A-RF	5FCV	GOBP	BioGRID
RAS_PROTEIN_SIGNAL_TRANSDUCTION	0.765494	auROC	SL-A-RF	5FCV	GOBP	BioGRID
RECOMBINATIONAL_REPAIR	4.014498	auPRC	SL-A-RF	Holdout	GOBP	BioGRID
RECOMBINATIONAL_REPAIR	4.182514	P@TopK	SL-A-RF	Holdout	GOBP	BioGRID
RECOMBINATIONAL_REPAIR	0.744685	auROC	SL-A-RF	Holdout	GOBP	BioGRID
RECOMBINATIONAL_REPAIR	5.075605	auPRC	SL-A-RF	5FCV	GOBP	BioGRID
RECOMBINATIONAL_REPAIR	5.289827	P@TopK	SL-A-RF	5FCV	GOBP	BioGRID
RECOMBINATIONAL_REPAIR	0.814322	auROC	SL-A-RF	5FCV	GOBP	BioGRID
RESPONSE_TO_HYPOXIA	1.136535	auPRC	SL-A-RF	Holdout	GOBP	BioGRID
RESPONSE_TO_HYPOXIA	3.391911	P@TopK	SL-A-RF	Holdout	GOBP	BioGRID
RESPONSE_TO_HYPOXIA	0.547897	auROC	SL-A-RF	Holdout	GOBP	BioGRID
RESPONSE_TO_HYPOXIA	2.501389	auPRC	SL-A-RF	5FCV	GOBP	BioGRID
RESPONSE_TO_HYPOXIA	3.094757	P@TopK	SL-A-RF	5FCV	GOBP	BioGRID
RESPONSE_TO_HYPOXIA	0.668220	auROC	SL-A-RF	5FCV	GOBP	BioGRID
RESPONSE_TO_INTERFERON_GAMMA	1.164903	auPRC	SL-A-RF	Holdout	GOBP	BioGRID
RESPONSE_TO_INTERFERON_GAMMA	-inf	P@TopK	SL-A-RF	Holdout	GOBP	BioGRID
RESPONSE_TO_INTERFERON_GAMMA	0.683948	auROC	SL-A-RF	Holdout	GOBP	BioGRID
RESPONSE_TO_INTERFERON_GAMMA	1.859479	auPRC	SL-A-RF	5FCV	GOBP	BioGRID
RESPONSE_TO_INTERFERON_GAMMA	2.972443	P@TopK	SL-A-RF	5FCV	GOBP	BioGRID
RESPONSE_TO_INTERFERON_GAMMA	0.713629	auROC	SL-A-RF	5FCV	GOBP	BioGRID
RESPONSE_TO_IONIZING_RADIATION	2.629462	auPRC	SL-A-RF	Holdout	GOBP	BioGRID
RESPONSE_TO_IONIZING_RADIATION	3.603652	P@TopK	SL-A-RF	Holdout	GOBP	BioGRID
RESPONSE_TO_IONIZING_RADIATION	0.670779	auROC	SL-A-RF	Holdout	GOBP	BioGRID
RESPONSE_TO_IONIZING_RADIATION	2.980763	auPRC	SL-A-RF	5FCV	GOBP	BioGRID
RESPONSE_TO_IONIZING_RADIATION	3.662068	P@TopK	SL-A-RF	5FCV	GOBP	BioGRID
RESPONSE_TO_IONIZING_RADIATION	0.749684	auROC	SL-A-RF	5FCV	GOBP	BioGRID
RESPONSE_TO_METAL_ION	1.230883	auPRC	SL-A-RF	Holdout	GOBP	BioGRID
RESPONSE_TO_METAL_ION	-inf	P@TopK	SL-A-RF	Holdout	GOBP	BioGRID
RESPONSE_TO_METAL_ION	0.606191	auROC	SL-A-RF	Holdout	GOBP	BioGRID
RESPONSE_TO_METAL_ION	1.513201	auPRC	SL-A-RF	5FCV	GOBP	BioGRID
RESPONSE_TO_METAL_ION	2.735057	P@TopK	SL-A-RF	5FCV	GOBP	BioGRID
RESPONSE_TO_METAL_ION	0.638184	auROC	SL-A-RF	5FCV	GOBP	BioGRID
RESPONSE_TO_OXIDATIVE_STRESS	0.983401	auPRC	SL-A-RF	Holdout	GOBP	BioGRID
RESPONSE_TO_OXIDATIVE_STRESS	2.016205	P@TopK	SL-A-RF	Holdout	GOBP	BioGRID
RESPONSE_TO_OXIDATIVE_STRESS	0.572451	auROC	SL-A-RF	Holdout	GOBP	BioGRID
RESPONSE_TO_OXIDATIVE_STRESS	1.361451	auPRC	SL-A-RF	5FCV	GOBP	BioGRID
RESPONSE_TO_OXIDATIVE_STRESS	2.197118	P@TopK	SL-A-RF	5FCV	GOBP	BioGRID
RESPONSE_TO_OXIDATIVE_STRESS	0.637346	auROC	SL-A-RF	5FCV	GOBP	BioGRID
RESPONSE_TO_TRANSFORMING_GROWTH_FACTOR_BETA	1.680545	auPRC	SL-A-RF	Holdout	GOBP	BioGRID
RESPONSE_TO_TRANSFORMING_GROWTH_FACTOR_BETA	3.843519	P@TopK	SL-A-RF	Holdout	GOBP	BioGRID
RESPONSE_TO_TRANSFORMING_GROWTH_FACTOR_BETA	0.438402	auROC	SL-A-RF	Holdout	GOBP	BioGRID
RESPONSE_TO_TRANSFORMING_GROWTH_FACTOR_BETA	2.830436	auPRC	SL-A-RF	5FCV	GOBP	BioGRID
RESPONSE_TO_TRANSFORMING_GROWTH_FACTOR_BETA	3.668135	P@TopK	SL-A-RF	5FCV	GOBP	BioGRID
RESPONSE_TO_TRANSFORMING_GROWTH_FACTOR_BETA	0.707979	auROC	SL-A-RF	5FCV	GOBP	BioGRID
RESPONSE_TO_UNFOLDED_PROTEIN	2.884940	auPRC	SL-A-RF	Holdout	GOBP	BioGRID
RESPONSE_TO_UNFOLDED_PROTEIN	3.116631	P@TopK	SL-A-RF	Holdout	GOBP	BioGRID
RESPONSE_TO_UNFOLDED_PROTEIN	0.688204	auROC	SL-A-RF	Holdout	GOBP	BioGRID
RESPONSE_TO_UNFOLDED_PROTEIN	2.747246	auPRC	SL-A-RF	5FCV	GOBP	BioGRID
RESPONSE_TO_UNFOLDED_PROTEIN	3.201267	P@TopK	SL-A-RF	5FCV	GOBP	BioGRID
RESPONSE_TO_UNFOLDED_PROTEIN	0.778444	auROC	SL-A-RF	5FCV	GOBP	BioGRID
RESPONSE_TO_UV	3.658659	auPRC	SL-A-RF	Holdout	GOBP	BioGRID
RESPONSE_TO_UV	3.318048	P@TopK	SL-A-RF	Holdout	GOBP	BioGRID
RESPONSE_TO_UV	0.699275	auROC	SL-A-RF	Holdout	GOBP	BioGRID
RESPONSE_TO_UV	3.548631	auPRC	SL-A-RF	5FCV	GOBP	BioGRID
RESPONSE_TO_UV	4.096977	P@TopK	SL-A-RF	5FCV	GOBP	BioGRID
RESPONSE_TO_UV	0.789985	auROC	SL-A-RF	5FCV	GOBP	BioGRID
RESPONSE_TO_VIRUS	3.386876	auPRC	SL-A-RF	Holdout	GOBP	BioGRID
RESPONSE_TO_VIRUS	3.186190	P@TopK	SL-A-RF	Holdout	GOBP	BioGRID
RESPONSE_TO_VIRUS	0.605307	auROC	SL-A-RF	Holdout	GOBP	BioGRID
RESPONSE_TO_VIRUS	2.225684	auPRC	SL-A-RF	5FCV	GOBP	BioGRID
RESPONSE_TO_VIRUS	3.118834	P@TopK	SL-A-RF	5FCV	GOBP	BioGRID
RESPONSE_TO_VIRUS	0.667000	auROC	SL-A-RF	5FCV	GOBP	BioGRID
RETROGRADE_TRANSPORT_ENDOSOME_TO_GOLGI	2.414246	auPRC	SL-A-RF	Holdout	GOBP	BioGRID
RETROGRADE_TRANSPORT_ENDOSOME_TO_GOLGI	2.536667	P@TopK	SL-A-RF	Holdout	GOBP	BioGRID
RETROGRADE_TRANSPORT_ENDOSOME_TO_GOLGI	0.661409	auROC	SL-A-RF	Holdout	GOBP	BioGRID
RETROGRADE_TRANSPORT_ENDOSOME_TO_GOLGI	3.884598	auPRC	SL-A-RF	5FCV	GOBP	BioGRID
RETROGRADE_TRANSPORT_ENDOSOME_TO_GOLGI	4.754847	P@TopK	SL-A-RF	5FCV	GOBP	BioGRID
RETROGRADE_TRANSPORT_ENDOSOME_TO_GOLGI	0.749379	auROC	SL-A-RF	5FCV	GOBP	BioGRID
RETROGRADE_VESICLE_MEDIATED_TRANSPORT_GOLGI_TO_ER	4.372098	auPRC	SL-A-RF	Holdout	GOBP	BioGRID
RETROGRADE_VESICLE_MEDIATED_TRANSPORT_GOLGI_TO_ER	4.515797	P@TopK	SL-A-RF	Holdout	GOBP	BioGRID
RETROGRADE_VESICLE_MEDIATED_TRANSPORT_GOLGI_TO_ER	0.795398	auROC	SL-A-RF	Holdout	GOBP	BioGRID
RETROGRADE_VESICLE_MEDIATED_TRANSPORT_GOLGI_TO_ER	4.569343	auPRC	SL-A-RF	5FCV	GOBP	BioGRID
RETROGRADE_VESICLE_MEDIATED_TRANSPORT_GOLGI_TO_ER	5.023276	P@TopK	SL-A-RF	5FCV	GOBP	BioGRID
RETROGRADE_VESICLE_MEDIATED_TRANSPORT_GOLGI_TO_ER	0.886427	auROC	SL-A-RF	5FCV	GOBP	BioGRID
RIBONUCLEOPROTEIN_COMPLEX_ASSEMBLY	3.930715	auPRC	SL-A-RF	Holdout	GOBP	BioGRID
RIBONUCLEOPROTEIN_COMPLEX_ASSEMBLY	3.936883	P@TopK	SL-A-RF	Holdout	GOBP	BioGRID
RIBONUCLEOPROTEIN_COMPLEX_ASSEMBLY	0.808993	auROC	SL-A-RF	Holdout	GOBP	BioGRID
RIBONUCLEOPROTEIN_COMPLEX_ASSEMBLY	4.227108	auPRC	SL-A-RF	5FCV	GOBP	BioGRID
RIBONUCLEOPROTEIN_COMPLEX_ASSEMBLY	4.231848	P@TopK	SL-A-RF	5FCV	GOBP	BioGRID
RIBONUCLEOPROTEIN_COMPLEX_ASSEMBLY	0.905770	auROC	SL-A-RF	5FCV	GOBP	BioGRID
RRNA_PROCESSING	4.545467	auPRC	SL-A-RF	Holdout	GOBP	BioGRID
RRNA_PROCESSING	4.676083	P@TopK	SL-A-RF	Holdout	GOBP	BioGRID
RRNA_PROCESSING	0.851103	auROC	SL-A-RF	Holdout	GOBP	BioGRID
RRNA_PROCESSING	5.276687	auPRC	SL-A-RF	5FCV	GOBP	BioGRID
RRNA_PROCESSING	5.212898	P@TopK	SL-A-RF	5FCV	GOBP	BioGRID
RRNA_PROCESSING	0.948505	auROC	SL-A-RF	5FCV	GOBP	BioGRID
SIGNAL_TRANSDUCTION_IN_RESPONSE_TO_DNA_DAMAGE	5.621173	auPRC	SL-A-RF	Holdout	GOBP	BioGRID
SIGNAL_TRANSDUCTION_IN_RESPONSE_TO_DNA_DAMAGE	5.383776	P@TopK	SL-A-RF	Holdout	GOBP	BioGRID
SIGNAL_TRANSDUCTION_IN_RESPONSE_TO_DNA_DAMAGE	0.764712	auROC	SL-A-RF	Holdout	GOBP	BioGRID
SIGNAL_TRANSDUCTION_IN_RESPONSE_TO_DNA_DAMAGE	4.517974	auPRC	SL-A-RF	5FCV	GOBP	BioGRID
SIGNAL_TRANSDUCTION_IN_RESPONSE_TO_DNA_DAMAGE	4.640594	P@TopK	SL-A-RF	5FCV	GOBP	BioGRID
SIGNAL_TRANSDUCTION_IN_RESPONSE_TO_DNA_DAMAGE	0.889061	auROC	SL-A-RF	5FCV	GOBP	BioGRID
SKIN_DEVELOPMENT	1.878906	auPRC	SL-A-RF	Holdout	GOBP	BioGRID
SKIN_DEVELOPMENT	2.976054	P@TopK	SL-A-RF	Holdout	GOBP	BioGRID
SKIN_DEVELOPMENT	0.743501	auROC	SL-A-RF	Holdout	GOBP	BioGRID
SKIN_DEVELOPMENT	3.674782	auPRC	SL-A-RF	5FCV	GOBP	BioGRID
SKIN_DEVELOPMENT	4.204099	P@TopK	SL-A-RF	5FCV	GOBP	BioGRID
SKIN_DEVELOPMENT	0.771613	auROC	SL-A-RF	5FCV	GOBP	BioGRID
SODIUM_ION_TRANSPORT	3.279918	auPRC	SL-A-RF	Holdout	GOBP	BioGRID
SODIUM_ION_TRANSPORT	5.002234	P@TopK	SL-A-RF	Holdout	GOBP	BioGRID
SODIUM_ION_TRANSPORT	0.602603	auROC	SL-A-RF	Holdout	GOBP	BioGRID
SODIUM_ION_TRANSPORT	2.082148	auPRC	SL-A-RF	5FCV	GOBP	BioGRID
SODIUM_ION_TRANSPORT	4.257431	P@TopK	SL-A-RF	5FCV	GOBP	BioGRID
SODIUM_ION_TRANSPORT	0.637516	auROC	SL-A-RF	5FCV	GOBP	BioGRID
SPHINGOLIPID_BIOSYNTHETIC_PROCESS	0.835117	auPRC	SL-A-RF	Holdout	GOBP	BioGRID
SPHINGOLIPID_BIOSYNTHETIC_PROCESS	1.990280	P@TopK	SL-A-RF	Holdout	GOBP	BioGRID
SPHINGOLIPID_BIOSYNTHETIC_PROCESS	0.571984	auROC	SL-A-RF	Holdout	GOBP	BioGRID
SPHINGOLIPID_BIOSYNTHETIC_PROCESS	1.280661	auPRC	SL-A-RF	5FCV	GOBP	BioGRID
SPHINGOLIPID_BIOSYNTHETIC_PROCESS	1.709471	P@TopK	SL-A-RF	5FCV	GOBP	BioGRID
SPHINGOLIPID_BIOSYNTHETIC_PROCESS	0.637082	auROC	SL-A-RF	5FCV	GOBP	BioGRID
SPINDLE_ORGANIZATION	4.792255	auPRC	SL-A-RF	Holdout	GOBP	BioGRID
SPINDLE_ORGANIZATION	4.778586	P@TopK	SL-A-RF	Holdout	GOBP	BioGRID
SPINDLE_ORGANIZATION	0.723876	auROC	SL-A-RF	Holdout	GOBP	BioGRID
SPINDLE_ORGANIZATION	3.840697	auPRC	SL-A-RF	5FCV	GOBP	BioGRID
SPINDLE_ORGANIZATION	4.153084	P@TopK	SL-A-RF	5FCV	GOBP	BioGRID
SPINDLE_ORGANIZATION	0.768078	auROC	SL-A-RF	5FCV	GOBP	BioGRID
STRESS_ACTIVATED_PROTEIN_KINASE_SIGNALING_CASCADE	4.719297	auPRC	SL-A-RF	Holdout	GOBP	BioGRID
STRESS_ACTIVATED_PROTEIN_KINASE_SIGNALING_CASCADE	5.422656	P@TopK	SL-A-RF	Holdout	GOBP	BioGRID
STRESS_ACTIVATED_PROTEIN_KINASE_SIGNALING_CASCADE	0.711619	auROC	SL-A-RF	Holdout	GOBP	BioGRID
STRESS_ACTIVATED_PROTEIN_KINASE_SIGNALING_CASCADE	4.671032	auPRC	SL-A-RF	5FCV	GOBP	BioGRID
STRESS_ACTIVATED_PROTEIN_KINASE_SIGNALING_CASCADE	4.910058	P@TopK	SL-A-RF	5FCV	GOBP	BioGRID
STRESS_ACTIVATED_PROTEIN_KINASE_SIGNALING_CASCADE	0.849268	auROC	SL-A-RF	5FCV	GOBP	BioGRID
TELOMERE_MAINTENANCE	4.736798	auPRC	SL-A-RF	Holdout	GOBP	BioGRID
TELOMERE_MAINTENANCE	5.233913	P@TopK	SL-A-RF	Holdout	GOBP	BioGRID
TELOMERE_MAINTENANCE	0.939130	auROC	SL-A-RF	Holdout	GOBP	BioGRID
TELOMERE_MAINTENANCE	5.320054	auPRC	SL-A-RF	5FCV	GOBP	BioGRID
TELOMERE_MAINTENANCE	5.275619	P@TopK	SL-A-RF	5FCV	GOBP	BioGRID
TELOMERE_MAINTENANCE	0.954255	auROC	SL-A-RF	5FCV	GOBP	BioGRID
TRANSCRIPTION_INITIATION_FROM_RNA_POLYMERASE_II_PROMOTER	6.368483	auPRC	SL-A-RF	Holdout	GOBP	BioGRID
TRANSCRIPTION_INITIATION_FROM_RNA_POLYMERASE_II_PROMOTER	6.530162	P@TopK	SL-A-RF	Holdout	GOBP	BioGRID
TRANSCRIPTION_INITIATION_FROM_RNA_POLYMERASE_II_PROMOTER	0.947357	auROC	SL-A-RF	Holdout	GOBP	BioGRID
TRANSCRIPTION_INITIATION_FROM_RNA_POLYMERASE_II_PROMOTER	4.781472	auPRC	SL-A-RF	5FCV	GOBP	BioGRID
TRANSCRIPTION_INITIATION_FROM_RNA_POLYMERASE_II_PROMOTER	4.747789	P@TopK	SL-A-RF	5FCV	GOBP	BioGRID
TRANSCRIPTION_INITIATION_FROM_RNA_POLYMERASE_II_PROMOTER	0.959153	auROC	SL-A-RF	5FCV	GOBP	BioGRID
TRANSLATIONAL_ELONGATION	5.228339	auPRC	SL-A-RF	Holdout	GOBP	BioGRID
TRANSLATIONAL_ELONGATION	5.151593	P@TopK	SL-A-RF	Holdout	GOBP	BioGRID
TRANSLATIONAL_ELONGATION	0.915238	auROC	SL-A-RF	Holdout	GOBP	BioGRID
TRANSLATIONAL_ELONGATION	6.145795	auPRC	SL-A-RF	5FCV	GOBP	BioGRID
TRANSLATIONAL_ELONGATION	6.146492	P@TopK	SL-A-RF	5FCV	GOBP	BioGRID
TRANSLATIONAL_ELONGATION	0.891794	auROC	SL-A-RF	5FCV	GOBP	BioGRID
TRANSPORT_ALONG_MICROTUBULE	2.581695	auPRC	SL-A-RF	Holdout	GOBP	BioGRID
TRANSPORT_ALONG_MICROTUBULE	3.564701	P@TopK	SL-A-RF	Holdout	GOBP	BioGRID
TRANSPORT_ALONG_MICROTUBULE	0.626078	auROC	SL-A-RF	Holdout	GOBP	BioGRID
TRANSPORT_ALONG_MICROTUBULE	5.033679	auPRC	SL-A-RF	5FCV	GOBP	BioGRID
TRANSPORT_ALONG_MICROTUBULE	5.243276	P@TopK	SL-A-RF	5FCV	GOBP	BioGRID
TRANSPORT_ALONG_MICROTUBULE	0.810815	auROC	SL-A-RF	5FCV	GOBP	BioGRID
TRNA_AMINOACYLATION	1.941381	auPRC	SL-A-RF	Holdout	GOBP	BioGRID
TRNA_AMINOACYLATION	-inf	P@TopK	SL-A-RF	Holdout	GOBP	BioGRID
TRNA_AMINOACYLATION	0.581602	auROC	SL-A-RF	Holdout	GOBP	BioGRID
TRNA_AMINOACYLATION	5.068431	auPRC	SL-A-RF	5FCV	GOBP	BioGRID
TRNA_AMINOACYLATION	5.539063	P@TopK	SL-A-RF	5FCV	GOBP	BioGRID
TRNA_AMINOACYLATION	0.828666	auROC	SL-A-RF	5FCV	GOBP	BioGRID
TRNA_PROCESSING	3.651832	auPRC	SL-A-RF	Holdout	GOBP	BioGRID
TRNA_PROCESSING	3.501530	P@TopK	SL-A-RF	Holdout	GOBP	BioGRID
TRNA_PROCESSING	0.656776	auROC	SL-A-RF	Holdout	GOBP	BioGRID
TRNA_PROCESSING	4.679104	auPRC	SL-A-RF	5FCV	GOBP	BioGRID
TRNA_PROCESSING	5.115882	P@TopK	SL-A-RF	5FCV	GOBP	BioGRID
TRNA_PROCESSING	0.767680	auROC	SL-A-RF	5FCV	GOBP	BioGRID
VACUOLE_ORGANIZATION	1.680478	auPRC	SL-A-RF	Holdout	GOBP	BioGRID
VACUOLE_ORGANIZATION	2.259272	P@TopK	SL-A-RF	Holdout	GOBP	BioGRID
VACUOLE_ORGANIZATION	0.682599	auROC	SL-A-RF	Holdout	GOBP	BioGRID
VACUOLE_ORGANIZATION	2.518966	auPRC	SL-A-RF	5FCV	GOBP	BioGRID
VACUOLE_ORGANIZATION	3.895069	P@TopK	SL-A-RF	5FCV	GOBP	BioGRID
VACUOLE_ORGANIZATION	0.734306	auROC	SL-A-RF	5FCV	GOBP	BioGRID
VESICLE_ORGANIZATION	3.509915	auPRC	SL-A-RF	Holdout	GOBP	BioGRID
VESICLE_ORGANIZATION	3.621809	P@TopK	SL-A-RF	Holdout	GOBP	BioGRID
VESICLE_ORGANIZATION	0.714098	auROC	SL-A-RF	Holdout	GOBP	BioGRID
VESICLE_ORGANIZATION	3.507093	auPRC	SL-A-RF	5FCV	GOBP	BioGRID
VESICLE_ORGANIZATION	3.784932	P@TopK	SL-A-RF	5FCV	GOBP	BioGRID
VESICLE_ORGANIZATION	0.788837	auROC	SL-A-RF	5FCV	GOBP	BioGRID
WNT_SIGNALING_PATHWAY	0.995068	auPRC	SL-A-RF	Holdout	GOBP	BioGRID
WNT_SIGNALING_PATHWAY	-inf	P@TopK	SL-A-RF	Holdout	GOBP	BioGRID
WNT_SIGNALING_PATHWAY	0.712849	auROC	SL-A-RF	Holdout	GOBP	BioGRID
WNT_SIGNALING_PATHWAY	2.267961	auPRC	SL-A-RF	5FCV	GOBP	BioGRID
WNT_SIGNALING_PATHWAY	3.131007	P@TopK	SL-A-RF	5FCV	GOBP	BioGRID
WNT_SIGNALING_PATHWAY	0.764648	auROC	SL-A-RF	5FCV	GOBP	BioGRID
XENOBIOTIC_METABOLIC_PROCESS	1.287766	auPRC	SL-A-RF	Holdout	GOBP	BioGRID
XENOBIOTIC_METABOLIC_PROCESS	3.751916	P@TopK	SL-A-RF	Holdout	GOBP	BioGRID
XENOBIOTIC_METABOLIC_PROCESS	0.425592	auROC	SL-A-RF	Holdout	GOBP	BioGRID
XENOBIOTIC_METABOLIC_PROCESS	3.394220	auPRC	SL-A-RF	5FCV	GOBP	BioGRID
XENOBIOTIC_METABOLIC_PROCESS	3.549368	P@TopK	SL-A-RF	5FCV	GOBP	BioGRID
XENOBIOTIC_METABOLIC_PROCESS	0.551986	auROC	SL-A-RF	5FCV	GOBP	BioGRID
ADENOCARCINOMA	1.907475	auPRC	SL-A-RF	Holdout	DisGeNet	BioGRID
ADENOCARCINOMA	3.303932	P@TopK	SL-A-RF	Holdout	DisGeNet	BioGRID
ADENOCARCINOMA	0.592905	auROC	SL-A-RF	Holdout	DisGeNet	BioGRID
ADENOCARCINOMA	0.242438	auPRC	SL-A-RF	5FCV	DisGeNet	BioGRID
ADENOCARCINOMA	0.676384	P@TopK	SL-A-RF	5FCV	DisGeNet	BioGRID
ADENOCARCINOMA	0.527326	auROC	SL-A-RF	5FCV	DisGeNet	BioGRID
ALLERGIC_CONTACT_DERMATITIS	0.276982	auPRC	SL-A-RF	Holdout	DisGeNet	BioGRID
ALLERGIC_CONTACT_DERMATITIS	-inf	P@TopK	SL-A-RF	Holdout	DisGeNet	BioGRID
ALLERGIC_CONTACT_DERMATITIS	0.550699	auROC	SL-A-RF	Holdout	DisGeNet	BioGRID
ALLERGIC_CONTACT_DERMATITIS	-0.064493	auPRC	SL-A-RF	5FCV	DisGeNet	BioGRID
ALLERGIC_CONTACT_DERMATITIS	-inf	P@TopK	SL-A-RF	5FCV	DisGeNet	BioGRID
ALLERGIC_CONTACT_DERMATITIS	0.494516	auROC	SL-A-RF	5FCV	DisGeNet	BioGRID
ALLERGIC_HYPERSENSITIVITY_DISEASE	0.151998	auPRC	SL-A-RF	Holdout	DisGeNet	BioGRID
ALLERGIC_HYPERSENSITIVITY_DISEASE	-inf	P@TopK	SL-A-RF	Holdout	DisGeNet	BioGRID
ALLERGIC_HYPERSENSITIVITY_DISEASE	0.516087	auROC	SL-A-RF	Holdout	DisGeNet	BioGRID
ALLERGIC_HYPERSENSITIVITY_DISEASE	0.241249	auPRC	SL-A-RF	5FCV	DisGeNet	BioGRID
ALLERGIC_HYPERSENSITIVITY_DISEASE	0.859984	P@TopK	SL-A-RF	5FCV	DisGeNet	BioGRID
ALLERGIC_HYPERSENSITIVITY_DISEASE	0.501458	auROC	SL-A-RF	5FCV	DisGeNet	BioGRID
AMINO_ACID_METABOLIC_DISORDER	0.374916	auPRC	SL-A-RF	Holdout	DisGeNet	BioGRID
AMINO_ACID_METABOLIC_DISORDER	1.136137	P@TopK	SL-A-RF	Holdout	DisGeNet	BioGRID
AMINO_ACID_METABOLIC_DISORDER	0.538396	auROC	SL-A-RF	Holdout	DisGeNet	BioGRID
AMINO_ACID_METABOLIC_DISORDER	1.648630	auPRC	SL-A-RF	5FCV	DisGeNet	BioGRID
AMINO_ACID_METABOLIC_DISORDER	2.755315	P@TopK	SL-A-RF	5FCV	DisGeNet	BioGRID
AMINO_ACID_METABOLIC_DISORDER	0.641409	auROC	SL-A-RF	5FCV	DisGeNet	BioGRID
ANEMIA	0.546928	auPRC	SL-A-RF	Holdout	DisGeNet	BioGRID
ANEMIA	-inf	P@TopK	SL-A-RF	Holdout	DisGeNet	BioGRID
ANEMIA	0.560602	auROC	SL-A-RF	Holdout	DisGeNet	BioGRID
ANEMIA	0.995257	auPRC	SL-A-RF	5FCV	DisGeNet	BioGRID
ANEMIA	2.166460	P@TopK	SL-A-RF	5FCV	DisGeNet	BioGRID
ANEMIA	0.579215	auROC	SL-A-RF	5FCV	DisGeNet	BioGRID
ARTHRITIS	-0.115918	auPRC	SL-A-RF	Holdout	DisGeNet	BioGRID
ARTHRITIS	0.870686	P@TopK	SL-A-RF	Holdout	DisGeNet	BioGRID
ARTHRITIS	0.480744	auROC	SL-A-RF	Holdout	DisGeNet	BioGRID
ARTHRITIS	0.442602	auPRC	SL-A-RF	5FCV	DisGeNet	BioGRID
ARTHRITIS	0.986524	P@TopK	SL-A-RF	5FCV	DisGeNet	BioGRID
ARTHRITIS	0.564088	auROC	SL-A-RF	5FCV	DisGeNet	BioGRID
ARTHROPATHY	0.771611	auPRC	SL-A-RF	Holdout	DisGeNet	BioGRID
ARTHROPATHY	3.006388	P@TopK	SL-A-RF	Holdout	DisGeNet	BioGRID
ARTHROPATHY	0.630712	auROC	SL-A-RF	Holdout	DisGeNet	BioGRID
ARTHROPATHY	0.479658	auPRC	SL-A-RF	5FCV	DisGeNet	BioGRID
ARTHROPATHY	0.652380	P@TopK	SL-A-RF	5FCV	DisGeNet	BioGRID
ARTHROPATHY	0.601139	auROC	SL-A-RF	5FCV	DisGeNet	BioGRID
AUTISTIC_DISORDER	0.689631	auPRC	SL-A-RF	Holdout	DisGeNet	BioGRID
AUTISTIC_DISORDER	0.462907	P@TopK	SL-A-RF	Holdout	DisGeNet	BioGRID
AUTISTIC_DISORDER	0.522702	auROC	SL-A-RF	Holdout	DisGeNet	BioGRID
AUTISTIC_DISORDER	1.139589	auPRC	SL-A-RF	5FCV	DisGeNet	BioGRID
AUTISTIC_DISORDER	1.457509	P@TopK	SL-A-RF	5FCV	DisGeNet	BioGRID
AUTISTIC_DISORDER	0.588345	auROC	SL-A-RF	5FCV	DisGeNet	BioGRID
AUTOIMMUNE_HYPERSENSITIVITY_DISEASE	0.079849	auPRC	SL-A-RF	Holdout	DisGeNet	BioGRID
AUTOIMMUNE_HYPERSENSITIVITY_DISEASE	0.288422	P@TopK	SL-A-RF	Holdout	DisGeNet	BioGRID
AUTOIMMUNE_HYPERSENSITIVITY_DISEASE	0.519345	auROC	SL-A-RF	Holdout	DisGeNet	BioGRID
AUTOIMMUNE_HYPERSENSITIVITY_DISEASE	0.387294	auPRC	SL-A-RF	5FCV	DisGeNet	BioGRID
AUTOIMMUNE_HYPERSENSITIVITY_DISEASE	0.908776	P@TopK	SL-A-RF	5FCV	DisGeNet	BioGRID
AUTOIMMUNE_HYPERSENSITIVITY_DISEASE	0.562152	auROC	SL-A-RF	5FCV	DisGeNet	BioGRID
AUTOSOMAL_RECESSIVE_NONSYNDROMIC_DEAFNESS	0.136101	auPRC	SL-A-RF	Holdout	DisGeNet	BioGRID
AUTOSOMAL_RECESSIVE_NONSYNDROMIC_DEAFNESS	-inf	P@TopK	SL-A-RF	Holdout	DisGeNet	BioGRID
AUTOSOMAL_RECESSIVE_NONSYNDROMIC_DEAFNESS	0.516455	auROC	SL-A-RF	Holdout	DisGeNet	BioGRID
AUTOSOMAL_RECESSIVE_NONSYNDROMIC_DEAFNESS	-0.027943	auPRC	SL-A-RF	5FCV	DisGeNet	BioGRID
AUTOSOMAL_RECESSIVE_NONSYNDROMIC_DEAFNESS	-inf	P@TopK	SL-A-RF	5FCV	DisGeNet	BioGRID
AUTOSOMAL_RECESSIVE_NONSYNDROMIC_DEAFNESS	0.495894	auROC	SL-A-RF	5FCV	DisGeNet	BioGRID
BILIARY_TRACT_DISEASE	0.552829	auPRC	SL-A-RF	Holdout	DisGeNet	BioGRID
BILIARY_TRACT_DISEASE	2.577462	P@TopK	SL-A-RF	Holdout	DisGeNet	BioGRID
BILIARY_TRACT_DISEASE	0.550050	auROC	SL-A-RF	Holdout	DisGeNet	BioGRID
BILIARY_TRACT_DISEASE	0.117683	auPRC	SL-A-RF	5FCV	DisGeNet	BioGRID
BILIARY_TRACT_DISEASE	-inf	P@TopK	SL-A-RF	5FCV	DisGeNet	BioGRID
BILIARY_TRACT_DISEASE	0.498255	auROC	SL-A-RF	5FCV	DisGeNet	BioGRID
BIPOLAR_DISORDER	-0.127830	auPRC	SL-A-RF	Holdout	DisGeNet	BioGRID
BIPOLAR_DISORDER	0.931269	P@TopK	SL-A-RF	Holdout	DisGeNet	BioGRID
BIPOLAR_DISORDER	0.439568	auROC	SL-A-RF	Holdout	DisGeNet	BioGRID
BIPOLAR_DISORDER	0.395842	auPRC	SL-A-RF	5FCV	DisGeNet	BioGRID
BIPOLAR_DISORDER	0.604137	P@TopK	SL-A-RF	5FCV	DisGeNet	BioGRID
BIPOLAR_DISORDER	0.527593	auROC	SL-A-RF	5FCV	DisGeNet	BioGRID
BLADDER_DISEASE	-0.646359	auPRC	SL-A-RF	Holdout	DisGeNet	BioGRID
BLADDER_DISEASE	-inf	P@TopK	SL-A-RF	Holdout	DisGeNet	BioGRID
BLADDER_DISEASE	0.413931	auROC	SL-A-RF	Holdout	DisGeNet	BioGRID
BLADDER_DISEASE	0.089168	auPRC	SL-A-RF	5FCV	DisGeNet	BioGRID
BLADDER_DISEASE	0.175729	P@TopK	SL-A-RF	5FCV	DisGeNet	BioGRID
BLADDER_DISEASE	0.513490	auROC	SL-A-RF	5FCV	DisGeNet	BioGRID
BLOOD_COAGULATION_DISEASE	-0.033962	auPRC	SL-A-RF	Holdout	DisGeNet	BioGRID
BLOOD_COAGULATION_DISEASE	-inf	P@TopK	SL-A-RF	Holdout	DisGeNet	BioGRID
BLOOD_COAGULATION_DISEASE	0.515747	auROC	SL-A-RF	Holdout	DisGeNet	BioGRID
BLOOD_COAGULATION_DISEASE	1.747358	auPRC	SL-A-RF	5FCV	DisGeNet	BioGRID
BLOOD_COAGULATION_DISEASE	2.862506	P@TopK	SL-A-RF	5FCV	DisGeNet	BioGRID
BLOOD_COAGULATION_DISEASE	0.680498	auROC	SL-A-RF	5FCV	DisGeNet	BioGRID
BONE_MARROW_DISEASE	0.073476	auPRC	SL-A-RF	Holdout	DisGeNet	BioGRID
BONE_MARROW_DISEASE	-inf	P@TopK	SL-A-RF	Holdout	DisGeNet	BioGRID
BONE_MARROW_DISEASE	0.506324	auROC	SL-A-RF	Holdout	DisGeNet	BioGRID
BONE_MARROW_DISEASE	0.254160	auPRC	SL-A-RF	5FCV	DisGeNet	BioGRID
BONE_MARROW_DISEASE	-inf	P@TopK	SL-A-RF	5FCV	DisGeNet	BioGRID
BONE_MARROW_DISEASE	0.539296	auROC	SL-A-RF	5FCV	DisGeNet	BioGRID
BREAST_DISEASE	1.992385	auPRC	SL-A-RF	Holdout	DisGeNet	BioGRID
BREAST_DISEASE	2.689647	P@TopK	SL-A-RF	Holdout	DisGeNet	BioGRID
BREAST_DISEASE	0.601457	auROC	SL-A-RF	Holdout	DisGeNet	BioGRID
BREAST_DISEASE	1.009533	auPRC	SL-A-RF	5FCV	DisGeNet	BioGRID
BREAST_DISEASE	1.471489	P@TopK	SL-A-RF	5FCV	DisGeNet	BioGRID
BREAST_DISEASE	0.639421	auROC	SL-A-RF	5FCV	DisGeNet	BioGRID
BRONCHIAL_DISEASE	-0.588834	auPRC	SL-A-RF	Holdout	DisGeNet	BioGRID
BRONCHIAL_DISEASE	-inf	P@TopK	SL-A-RF	Holdout	DisGeNet	BioGRID
BRONCHIAL_DISEASE	0.423553	auROC	SL-A-RF	Holdout	DisGeNet	BioGRID
BRONCHIAL_DISEASE	0.702188	auPRC	SL-A-RF	5FCV	DisGeNet	BioGRID
BRONCHIAL_DISEASE	3.120947	P@TopK	SL-A-RF	5FCV	DisGeNet	BioGRID
BRONCHIAL_DISEASE	0.522165	auROC	SL-A-RF	5FCV	DisGeNet	BioGRID
CARBOHYDRATE_METABOLIC_DISORDER	1.822264	auPRC	SL-A-RF	Holdout	DisGeNet	BioGRID
CARBOHYDRATE_METABOLIC_DISORDER	3.247928	P@TopK	SL-A-RF	Holdout	DisGeNet	BioGRID
CARBOHYDRATE_METABOLIC_DISORDER	0.604446	auROC	SL-A-RF	Holdout	DisGeNet	BioGRID
CARBOHYDRATE_METABOLIC_DISORDER	2.568481	auPRC	SL-A-RF	5FCV	DisGeNet	BioGRID
CARBOHYDRATE_METABOLIC_DISORDER	3.543393	P@TopK	SL-A-RF	5FCV	DisGeNet	BioGRID
CARBOHYDRATE_METABOLIC_DISORDER	0.654676	auROC	SL-A-RF	5FCV	DisGeNet	BioGRID
CARDIOMYOPATHY	0.982690	auPRC	SL-A-RF	Holdout	DisGeNet	BioGRID
CARDIOMYOPATHY	0.516015	P@TopK	SL-A-RF	Holdout	DisGeNet	BioGRID
CARDIOMYOPATHY	0.693927	auROC	SL-A-RF	Holdout	DisGeNet	BioGRID
CARDIOMYOPATHY	2.222222	auPRC	SL-A-RF	5FCV	DisGeNet	BioGRID
CARDIOMYOPATHY	2.673035	P@TopK	SL-A-RF	5FCV	DisGeNet	BioGRID
CARDIOMYOPATHY	0.710000	auROC	SL-A-RF	5FCV	DisGeNet	BioGRID
CENTRAL_NERVOUS_SYSTEM_CANCER	0.550555	auPRC	SL-A-RF	Holdout	DisGeNet	BioGRID
CENTRAL_NERVOUS_SYSTEM_CANCER	-inf	P@TopK	SL-A-RF	Holdout	DisGeNet	BioGRID
CENTRAL_NERVOUS_SYSTEM_CANCER	0.636392	auROC	SL-A-RF	Holdout	DisGeNet	BioGRID
CENTRAL_NERVOUS_SYSTEM_CANCER	0.912375	auPRC	SL-A-RF	5FCV	DisGeNet	BioGRID
CENTRAL_NERVOUS_SYSTEM_CANCER	1.870994	P@TopK	SL-A-RF	5FCV	DisGeNet	BioGRID
CENTRAL_NERVOUS_SYSTEM_CANCER	0.631734	auROC	SL-A-RF	5FCV	DisGeNet	BioGRID
CEREBELLAR_DISEASE	0.302892	auPRC	SL-A-RF	Holdout	DisGeNet	BioGRID
CEREBELLAR_DISEASE	-inf	P@TopK	SL-A-RF	Holdout	DisGeNet	BioGRID
CEREBELLAR_DISEASE	0.541733	auROC	SL-A-RF	Holdout	DisGeNet	BioGRID
CEREBELLAR_DISEASE	0.713987	auPRC	SL-A-RF	5FCV	DisGeNet	BioGRID
CEREBELLAR_DISEASE	2.073524	P@TopK	SL-A-RF	5FCV	DisGeNet	BioGRID
CEREBELLAR_DISEASE	0.556377	auROC	SL-A-RF	5FCV	DisGeNet	BioGRID
CEREBRAL_DEGENERATION	1.843474	auPRC	SL-A-RF	Holdout	DisGeNet	BioGRID
CEREBRAL_DEGENERATION	2.229755	P@TopK	SL-A-RF	Holdout	DisGeNet	BioGRID
CEREBRAL_DEGENERATION	0.487552	auROC	SL-A-RF	Holdout	DisGeNet	BioGRID
CEREBRAL_DEGENERATION	1.186849	auPRC	SL-A-RF	5FCV	DisGeNet	BioGRID
CEREBRAL_DEGENERATION	1.045080	P@TopK	SL-A-RF	5FCV	DisGeNet	BioGRID
CEREBRAL_DEGENERATION	0.575105	auROC	SL-A-RF	5FCV	DisGeNet	BioGRID
CLUBFOOT	0.782981	auPRC	SL-A-RF	Holdout	DisGeNet	BioGRID
CLUBFOOT	-inf	P@TopK	SL-A-RF	Holdout	DisGeNet	BioGRID
CLUBFOOT	0.589462	auROC	SL-A-RF	Holdout	DisGeNet	BioGRID
CLUBFOOT	1.133462	auPRC	SL-A-RF	5FCV	DisGeNet	BioGRID
CLUBFOOT	3.012044	P@TopK	SL-A-RF	5FCV	DisGeNet	BioGRID
CLUBFOOT	0.575174	auROC	SL-A-RF	5FCV	DisGeNet	BioGRID
COCAINE_DEPENDENCE	0.613692	auPRC	SL-A-RF	Holdout	DisGeNet	BioGRID
COCAINE_DEPENDENCE	-inf	P@TopK	SL-A-RF	Holdout	DisGeNet	BioGRID
COCAINE_DEPENDENCE	0.605138	auROC	SL-A-RF	Holdout	DisGeNet	BioGRID
COCAINE_DEPENDENCE	0.340148	auPRC	SL-A-RF	5FCV	DisGeNet	BioGRID
COCAINE_DEPENDENCE	0.753137	P@TopK	SL-A-RF	5FCV	DisGeNet	BioGRID
COCAINE_DEPENDENCE	0.547286	auROC	SL-A-RF	5FCV	DisGeNet	BioGRID
COLLAGEN_DISEASE	0.934892	auPRC	SL-A-RF	Holdout	DisGeNet	BioGRID
COLLAGEN_DISEASE	-inf	P@TopK	SL-A-RF	Holdout	DisGeNet	BioGRID
COLLAGEN_DISEASE	0.579770	auROC	SL-A-RF	Holdout	DisGeNet	BioGRID
COLLAGEN_DISEASE	1.040943	auPRC	SL-A-RF	5FCV	DisGeNet	BioGRID
COLLAGEN_DISEASE	2.821243	P@TopK	SL-A-RF	5FCV	DisGeNet	BioGRID
COLLAGEN_DISEASE	0.607549	auROC	SL-A-RF	5FCV	DisGeNet	BioGRID
CONGENITAL_DISORDER_OF_GLYCOSYLATION	3.219358	auPRC	SL-A-RF	Holdout	DisGeNet	BioGRID
CONGENITAL_DISORDER_OF_GLYCOSYLATION	3.863307	P@TopK	SL-A-RF	Holdout	DisGeNet	BioGRID
CONGENITAL_DISORDER_OF_GLYCOSYLATION	0.632852	auROC	SL-A-RF	Holdout	DisGeNet	BioGRID
CONGENITAL_DISORDER_OF_GLYCOSYLATION	5.105951	auPRC	SL-A-RF	5FCV	DisGeNet	BioGRID
CONGENITAL_DISORDER_OF_GLYCOSYLATION	5.698383	P@TopK	SL-A-RF	5FCV	DisGeNet	BioGRID
CONGENITAL_DISORDER_OF_GLYCOSYLATION	0.779989	auROC	SL-A-RF	5FCV	DisGeNet	BioGRID
CONGENITAL_HEART_DISEASE	-0.358903	auPRC	SL-A-RF	Holdout	DisGeNet	BioGRID
CONGENITAL_HEART_DISEASE	-inf	P@TopK	SL-A-RF	Holdout	DisGeNet	BioGRID
CONGENITAL_HEART_DISEASE	0.436862	auROC	SL-A-RF	Holdout	DisGeNet	BioGRID
CONGENITAL_HEART_DISEASE	-0.159113	auPRC	SL-A-RF	5FCV	DisGeNet	BioGRID
CONGENITAL_HEART_DISEASE	-inf	P@TopK	SL-A-RF	5FCV	DisGeNet	BioGRID
CONGENITAL_HEART_DISEASE	0.471202	auROC	SL-A-RF	5FCV	DisGeNet	BioGRID
CONGESTIVE_HEART_FAILURE	0.561505	auPRC	SL-A-RF	Holdout	DisGeNet	BioGRID
CONGESTIVE_HEART_FAILURE	-inf	P@TopK	SL-A-RF	Holdout	DisGeNet	BioGRID
CONGESTIVE_HEART_FAILURE	0.539970	auROC	SL-A-RF	Holdout	DisGeNet	BioGRID
CONGESTIVE_HEART_FAILURE	0.178346	auPRC	SL-A-RF	5FCV	DisGeNet	BioGRID
CONGESTIVE_HEART_FAILURE	0.821761	P@TopK	SL-A-RF	5FCV	DisGeNet	BioGRID
CONGESTIVE_HEART_FAILURE	0.518192	auROC	SL-A-RF	5FCV	DisGeNet	BioGRID
CORNEAL_DISEASE	-0.082228	auPRC	SL-A-RF	Holdout	DisGeNet	BioGRID
CORNEAL_DISEASE	-inf	P@TopK	SL-A-RF	Holdout	DisGeNet	BioGRID
CORNEAL_DISEASE	0.496060	auROC	SL-A-RF	Holdout	DisGeNet	BioGRID
CORNEAL_DISEASE	-0.139449	auPRC	SL-A-RF	5FCV	DisGeNet	BioGRID
CORNEAL_DISEASE	-inf	P@TopK	SL-A-RF	5FCV	DisGeNet	BioGRID
CORNEAL_DISEASE	0.490793	auROC	SL-A-RF	5FCV	DisGeNet	BioGRID
CORONARY_ARTERY_DISEASE	0.244693	auPRC	SL-A-RF	Holdout	DisGeNet	BioGRID
CORONARY_ARTERY_DISEASE	-inf	P@TopK	SL-A-RF	Holdout	DisGeNet	BioGRID
CORONARY_ARTERY_DISEASE	0.559012	auROC	SL-A-RF	Holdout	DisGeNet	BioGRID
CORONARY_ARTERY_DISEASE	0.359026	auPRC	SL-A-RF	5FCV	DisGeNet	BioGRID
CORONARY_ARTERY_DISEASE	0.945164	P@TopK	SL-A-RF	5FCV	DisGeNet	BioGRID
CORONARY_ARTERY_DISEASE	0.568282	auROC	SL-A-RF	5FCV	DisGeNet	BioGRID
DERMATITIS	-0.209645	auPRC	SL-A-RF	Holdout	DisGeNet	BioGRID
DERMATITIS	-inf	P@TopK	SL-A-RF	Holdout	DisGeNet	BioGRID
DERMATITIS	0.467249	auROC	SL-A-RF	Holdout	DisGeNet	BioGRID
DERMATITIS	0.115878	auPRC	SL-A-RF	5FCV	DisGeNet	BioGRID
DERMATITIS	0.775698	P@TopK	SL-A-RF	5FCV	DisGeNet	BioGRID
DERMATITIS	0.516298	auROC	SL-A-RF	5FCV	DisGeNet	BioGRID
DIABETES_MELLITUS	-0.457643	auPRC	SL-A-RF	Holdout	DisGeNet	BioGRID
DIABETES_MELLITUS	-inf	P@TopK	SL-A-RF	Holdout	DisGeNet	BioGRID
DIABETES_MELLITUS	0.423121	auROC	SL-A-RF	Holdout	DisGeNet	BioGRID
DIABETES_MELLITUS	-0.076376	auPRC	SL-A-RF	5FCV	DisGeNet	BioGRID
DIABETES_MELLITUS	0.626011	P@TopK	SL-A-RF	5FCV	DisGeNet	BioGRID
DIABETES_MELLITUS	0.471162	auROC	SL-A-RF	5FCV	DisGeNet	BioGRID
DILATED_CARDIOMYOPATHY	1.364357	auPRC	SL-A-RF	Holdout	DisGeNet	BioGRID
DILATED_CARDIOMYOPATHY	-inf	P@TopK	SL-A-RF	Holdout	DisGeNet	BioGRID
DILATED_CARDIOMYOPATHY	0.697086	auROC	SL-A-RF	Holdout	DisGeNet	BioGRID
DILATED_CARDIOMYOPATHY	3.717657	auPRC	SL-A-RF	5FCV	DisGeNet	BioGRID
DILATED_CARDIOMYOPATHY	4.516058	P@TopK	SL-A-RF	5FCV	DisGeNet	BioGRID
DILATED_CARDIOMYOPATHY	0.704668	auROC	SL-A-RF	5FCV	DisGeNet	BioGRID
DYSOSTOSIS	0.936894	auPRC	SL-A-RF	Holdout	DisGeNet	BioGRID
DYSOSTOSIS	2.564093	P@TopK	SL-A-RF	Holdout	DisGeNet	BioGRID
DYSOSTOSIS	0.576458	auROC	SL-A-RF	Holdout	DisGeNet	BioGRID
DYSOSTOSIS	1.587022	auPRC	SL-A-RF	5FCV	DisGeNet	BioGRID
DYSOSTOSIS	1.477850	P@TopK	SL-A-RF	5FCV	DisGeNet	BioGRID
DYSOSTOSIS	0.573758	auROC	SL-A-RF	5FCV	DisGeNet	BioGRID
ENDOMETRIOSIS	1.645796	auPRC	SL-A-RF	Holdout	DisGeNet	BioGRID
ENDOMETRIOSIS	3.489987	P@TopK	SL-A-RF	Holdout	DisGeNet	BioGRID
ENDOMETRIOSIS	0.651775	auROC	SL-A-RF	Holdout	DisGeNet	BioGRID
ENDOMETRIOSIS	1.262342	auPRC	SL-A-RF	5FCV	DisGeNet	BioGRID
ENDOMETRIOSIS	2.221267	P@TopK	SL-A-RF	5FCV	DisGeNet	BioGRID
ENDOMETRIOSIS	0.614482	auROC	SL-A-RF	5FCV	DisGeNet	BioGRID
ESOPHAGEAL_DISEASE	-0.181585	auPRC	SL-A-RF	Holdout	DisGeNet	BioGRID
ESOPHAGEAL_DISEASE	-inf	P@TopK	SL-A-RF	Holdout	DisGeNet	BioGRID
ESOPHAGEAL_DISEASE	0.467213	auROC	SL-A-RF	Holdout	DisGeNet	BioGRID
ESOPHAGEAL_DISEASE	0.538345	auPRC	SL-A-RF	5FCV	DisGeNet	BioGRID
ESOPHAGEAL_DISEASE	-inf	P@TopK	SL-A-RF	5FCV	DisGeNet	BioGRID
ESOPHAGEAL_DISEASE	0.614645	auROC	SL-A-RF	5FCV	DisGeNet	BioGRID
FEMALE_REPRODUCTIVE_ORGAN_CANCER	0.248001	auPRC	SL-A-RF	Holdout	DisGeNet	BioGRID
FEMALE_REPRODUCTIVE_ORGAN_CANCER	-inf	P@TopK	SL-A-RF	Holdout	DisGeNet	BioGRID
FEMALE_REPRODUCTIVE_ORGAN_CANCER	0.535466	auROC	SL-A-RF	Holdout	DisGeNet	BioGRID
FEMALE_REPRODUCTIVE_ORGAN_CANCER	0.382161	auPRC	SL-A-RF	5FCV	DisGeNet	BioGRID
FEMALE_REPRODUCTIVE_ORGAN_CANCER	-0.496549	P@TopK	SL-A-RF	5FCV	DisGeNet	BioGRID
FEMALE_REPRODUCTIVE_ORGAN_CANCER	0.564617	auROC	SL-A-RF	5FCV	DisGeNet	BioGRID
FOCAL_HAND_DYSTONIA	-0.418246	auPRC	SL-A-RF	Holdout	DisGeNet	BioGRID
FOCAL_HAND_DYSTONIA	-inf	P@TopK	SL-A-RF	Holdout	DisGeNet	BioGRID
FOCAL_HAND_DYSTONIA	0.462145	auROC	SL-A-RF	Holdout	DisGeNet	BioGRID
FOCAL_HAND_DYSTONIA	0.007696	auPRC	SL-A-RF	5FCV	DisGeNet	BioGRID
FOCAL_HAND_DYSTONIA	0.318612	P@TopK	SL-A-RF	5FCV	DisGeNet	BioGRID
FOCAL_HAND_DYSTONIA	0.492084	auROC	SL-A-RF	5FCV	DisGeNet	BioGRID
GERM_CELL_CANCER	0.382894	auPRC	SL-A-RF	Holdout	DisGeNet	BioGRID
GERM_CELL_CANCER	0.592201	P@TopK	SL-A-RF	Holdout	DisGeNet	BioGRID
GERM_CELL_CANCER	0.604160	auROC	SL-A-RF	Holdout	DisGeNet	BioGRID
GERM_CELL_CANCER	0.224372	auPRC	SL-A-RF	5FCV	DisGeNet	BioGRID
GERM_CELL_CANCER	0.404831	P@TopK	SL-A-RF	5FCV	DisGeNet	BioGRID
GERM_CELL_CANCER	0.554568	auROC	SL-A-RF	5FCV	DisGeNet	BioGRID
HAIR_DISEASE	-0.166139	auPRC	SL-A-RF	Holdout	DisGeNet	BioGRID
HAIR_DISEASE	-inf	P@TopK	SL-A-RF	Holdout	DisGeNet	BioGRID
HAIR_DISEASE	0.483890	auROC	SL-A-RF	Holdout	DisGeNet	BioGRID
HAIR_DISEASE	0.474561	auPRC	SL-A-RF	5FCV	DisGeNet	BioGRID
HAIR_DISEASE	1.644568	P@TopK	SL-A-RF	5FCV	DisGeNet	BioGRID
HAIR_DISEASE	0.575033	auROC	SL-A-RF	5FCV	DisGeNet	BioGRID
HEMATOLOGIC_CANCER	0.660911	auPRC	SL-A-RF	Holdout	DisGeNet	BioGRID
HEMATOLOGIC_CANCER	0.902901	P@TopK	SL-A-RF	Holdout	DisGeNet	BioGRID
HEMATOLOGIC_CANCER	0.604622	auROC	SL-A-RF	Holdout	DisGeNet	BioGRID
HEMATOLOGIC_CANCER	0.932094	auPRC	SL-A-RF	5FCV	DisGeNet	BioGRID
HEMATOLOGIC_CANCER	1.463043	P@TopK	SL-A-RF	5FCV	DisGeNet	BioGRID
HEMATOLOGIC_CANCER	0.693570	auROC	SL-A-RF	5FCV	DisGeNet	BioGRID
HYPERTENSION	-0.212326	auPRC	SL-A-RF	Holdout	DisGeNet	BioGRID
HYPERTENSION	-inf	P@TopK	SL-A-RF	Holdout	DisGeNet	BioGRID
HYPERTENSION	0.472920	auROC	SL-A-RF	Holdout	DisGeNet	BioGRID
HYPERTENSION	0.176425	auPRC	SL-A-RF	5FCV	DisGeNet	BioGRID
HYPERTENSION	0.591854	P@TopK	SL-A-RF	5FCV	DisGeNet	BioGRID
HYPERTENSION	0.523389	auROC	SL-A-RF	5FCV	DisGeNet	BioGRID
HYPERTROPIA	0.788205	auPRC	SL-A-RF	Holdout	DisGeNet	BioGRID
HYPERTROPIA	-inf	P@TopK	SL-A-RF	Holdout	DisGeNet	BioGRID
HYPERTROPIA	0.556501	auROC	SL-A-RF	Holdout	DisGeNet	BioGRID
HYPERTROPIA	0.148215	auPRC	SL-A-RF	5FCV	DisGeNet	BioGRID
HYPERTROPIA	-inf	P@TopK	SL-A-RF	5FCV	DisGeNet	BioGRID
HYPERTROPIA	0.528283	auROC	SL-A-RF	5FCV	DisGeNet	BioGRID
HYPOGLYCEMIA	1.134795	auPRC	SL-A-RF	Holdout	DisGeNet	BioGRID
HYPOGLYCEMIA	3.156504	P@TopK	SL-A-RF	Holdout	DisGeNet	BioGRID
HYPOGLYCEMIA	0.602594	auROC	SL-A-RF	Holdout	DisGeNet	BioGRID
HYPOGLYCEMIA	1.638536	auPRC	SL-A-RF	5FCV	DisGeNet	BioGRID
HYPOGLYCEMIA	2.652826	P@TopK	SL-A-RF	5FCV	DisGeNet	BioGRID
HYPOGLYCEMIA	0.655773	auROC	SL-A-RF	5FCV	DisGeNet	BioGRID
INFLUENZA	0.661370	auPRC	SL-A-RF	Holdout	DisGeNet	BioGRID
INFLUENZA	-inf	P@TopK	SL-A-RF	Holdout	DisGeNet	BioGRID
INFLUENZA	0.595283	auROC	SL-A-RF	Holdout	DisGeNet	BioGRID
INFLUENZA	1.316867	auPRC	SL-A-RF	5FCV	DisGeNet	BioGRID
INFLUENZA	3.269344	P@TopK	SL-A-RF	5FCV	DisGeNet	BioGRID
INFLUENZA	0.581121	auROC	SL-A-RF	5FCV	DisGeNet	BioGRID
INNER_EAR_DISEASE	0.193735	auPRC	SL-A-RF	Holdout	DisGeNet	BioGRID
INNER_EAR_DISEASE	-inf	P@TopK	SL-A-RF	Holdout	DisGeNet	BioGRID
INNER_EAR_DISEASE	0.545018	auROC	SL-A-RF	Holdout	DisGeNet	BioGRID
INNER_EAR_DISEASE	-0.006612	auPRC	SL-A-RF	5FCV	DisGeNet	BioGRID
INNER_EAR_DISEASE	-0.111512	P@TopK	SL-A-RF	5FCV	DisGeNet	BioGRID
INNER_EAR_DISEASE	0.486795	auROC	SL-A-RF	5FCV	DisGeNet	BioGRID
INTESTINAL_CANCER	-0.166422	auPRC	SL-A-RF	Holdout	DisGeNet	BioGRID
INTESTINAL_CANCER	0.550756	P@TopK	SL-A-RF	Holdout	DisGeNet	BioGRID
INTESTINAL_CANCER	0.426848	auROC	SL-A-RF	Holdout	DisGeNet	BioGRID
INTESTINAL_CANCER	0.491802	auPRC	SL-A-RF	5FCV	DisGeNet	BioGRID
INTESTINAL_CANCER	1.155286	P@TopK	SL-A-RF	5FCV	DisGeNet	BioGRID
INTESTINAL_CANCER	0.517528	auROC	SL-A-RF	5FCV	DisGeNet	BioGRID
KERATOSIS	0.300936	auPRC	SL-A-RF	Holdout	DisGeNet	BioGRID
KERATOSIS	1.949657	P@TopK	SL-A-RF	Holdout	DisGeNet	BioGRID
KERATOSIS	0.453214	auROC	SL-A-RF	Holdout	DisGeNet	BioGRID
KERATOSIS	-0.060873	auPRC	SL-A-RF	5FCV	DisGeNet	BioGRID
KERATOSIS	0.510821	P@TopK	SL-A-RF	5FCV	DisGeNet	BioGRID
KERATOSIS	0.468038	auROC	SL-A-RF	5FCV	DisGeNet	BioGRID
KIDNEY_CANCER	0.247064	auPRC	SL-A-RF	Holdout	DisGeNet	BioGRID
KIDNEY_CANCER	0.649743	P@TopK	SL-A-RF	Holdout	DisGeNet	BioGRID
KIDNEY_CANCER	0.541365	auROC	SL-A-RF	Holdout	DisGeNet	BioGRID
KIDNEY_CANCER	0.396615	auPRC	SL-A-RF	5FCV	DisGeNet	BioGRID
KIDNEY_CANCER	1.463865	P@TopK	SL-A-RF	5FCV	DisGeNet	BioGRID
KIDNEY_CANCER	0.576135	auROC	SL-A-RF	5FCV	DisGeNet	BioGRID
LACTIC_ACIDOSIS	0.408192	auPRC	SL-A-RF	Holdout	DisGeNet	BioGRID
LACTIC_ACIDOSIS	-inf	P@TopK	SL-A-RF	Holdout	DisGeNet	BioGRID
LACTIC_ACIDOSIS	0.564059	auROC	SL-A-RF	Holdout	DisGeNet	BioGRID
LACTIC_ACIDOSIS	2.938691	auPRC	SL-A-RF	5FCV	DisGeNet	BioGRID
LACTIC_ACIDOSIS	3.868722	P@TopK	SL-A-RF	5FCV	DisGeNet	BioGRID
LACTIC_ACIDOSIS	0.681179	auROC	SL-A-RF	5FCV	DisGeNet	BioGRID
LENS_DISEASE	0.804114	auPRC	SL-A-RF	Holdout	DisGeNet	BioGRID
LENS_DISEASE	2.095820	P@TopK	SL-A-RF	Holdout	DisGeNet	BioGRID
LENS_DISEASE	0.575124	auROC	SL-A-RF	Holdout	DisGeNet	BioGRID
LENS_DISEASE	2.945877	auPRC	SL-A-RF	5FCV	DisGeNet	BioGRID
LENS_DISEASE	3.096515	P@TopK	SL-A-RF	5FCV	DisGeNet	BioGRID
LENS_DISEASE	0.581325	auROC	SL-A-RF	5FCV	DisGeNet	BioGRID
LEUKOCYTE_DISEASE	0.384926	auPRC	SL-A-RF	Holdout	DisGeNet	BioGRID
LEUKOCYTE_DISEASE	-inf	P@TopK	SL-A-RF	Holdout	DisGeNet	BioGRID
LEUKOCYTE_DISEASE	0.590277	auROC	SL-A-RF	Holdout	DisGeNet	BioGRID
LEUKOCYTE_DISEASE	0.748477	auPRC	SL-A-RF	5FCV	DisGeNet	BioGRID
LEUKOCYTE_DISEASE	-0.162650	P@TopK	SL-A-RF	5FCV	DisGeNet	BioGRID
LEUKOCYTE_DISEASE	0.644978	auROC	SL-A-RF	5FCV	DisGeNet	BioGRID
LIPID_STORAGE_DISEASE	0.957169	auPRC	SL-A-RF	Holdout	DisGeNet	BioGRID
LIPID_STORAGE_DISEASE	-inf	P@TopK	SL-A-RF	Holdout	DisGeNet	BioGRID
LIPID_STORAGE_DISEASE	0.532987	auROC	SL-A-RF	Holdout	DisGeNet	BioGRID
LIPID_STORAGE_DISEASE	0.415513	auPRC	SL-A-RF	5FCV	DisGeNet	BioGRID
LIPID_STORAGE_DISEASE	1.140565	P@TopK	SL-A-RF	5FCV	DisGeNet	BioGRID
LIPID_STORAGE_DISEASE	0.555647	auROC	SL-A-RF	5FCV	DisGeNet	BioGRID
LIVER_CANCER	0.026582	auPRC	SL-A-RF	Holdout	DisGeNet	BioGRID
LIVER_CANCER	-inf	P@TopK	SL-A-RF	Holdout	DisGeNet	BioGRID
LIVER_CANCER	0.517259	auROC	SL-A-RF	Holdout	DisGeNet	BioGRID
LIVER_CANCER	0.571464	auPRC	SL-A-RF	5FCV	DisGeNet	BioGRID
LIVER_CANCER	1.233441	P@TopK	SL-A-RF	5FCV	DisGeNet	BioGRID
LIVER_CANCER	0.599992	auROC	SL-A-RF	5FCV	DisGeNet	BioGRID
LIVER_CIRRHOSIS	1.185668	auPRC	SL-A-RF	Holdout	DisGeNet	BioGRID
LIVER_CIRRHOSIS	-inf	P@TopK	SL-A-RF	Holdout	DisGeNet	BioGRID
LIVER_CIRRHOSIS	0.676972	auROC	SL-A-RF	Holdout	DisGeNet	BioGRID
LIVER_CIRRHOSIS	0.386594	auPRC	SL-A-RF	5FCV	DisGeNet	BioGRID
LIVER_CIRRHOSIS	0.259032	P@TopK	SL-A-RF	5FCV	DisGeNet	BioGRID
LIVER_CIRRHOSIS	0.560632	auROC	SL-A-RF	5FCV	DisGeNet	BioGRID
LOCKED_IN_SYNDROME	1.133481	auPRC	SL-A-RF	Holdout	DisGeNet	BioGRID
LOCKED_IN_SYNDROME	-inf	P@TopK	SL-A-RF	Holdout	DisGeNet	BioGRID
LOCKED_IN_SYNDROME	0.602705	auROC	SL-A-RF	Holdout	DisGeNet	BioGRID
LOCKED_IN_SYNDROME	1.845968	auPRC	SL-A-RF	5FCV	DisGeNet	BioGRID
LOCKED_IN_SYNDROME	4.055910	P@TopK	SL-A-RF	5FCV	DisGeNet	BioGRID
LOCKED_IN_SYNDROME	0.656985	auROC	SL-A-RF	5FCV	DisGeNet	BioGRID
LUNG_CANCER	-0.219867	auPRC	SL-A-RF	Holdout	DisGeNet	BioGRID
LUNG_CANCER	-inf	P@TopK	SL-A-RF	Holdout	DisGeNet	BioGRID
LUNG_CANCER	0.462997	auROC	SL-A-RF	Holdout	DisGeNet	BioGRID
LUNG_CANCER	0.359733	auPRC	SL-A-RF	5FCV	DisGeNet	BioGRID
LUNG_CANCER	-0.100830	P@TopK	SL-A-RF	5FCV	DisGeNet	BioGRID
LUNG_CANCER	0.576165	auROC	SL-A-RF	5FCV	DisGeNet	BioGRID
LUNG_SMALL_CELL_CARCINOMA	0.208785	auPRC	SL-A-RF	Holdout	DisGeNet	BioGRID
LUNG_SMALL_CELL_CARCINOMA	-inf	P@TopK	SL-A-RF	Holdout	DisGeNet	BioGRID
LUNG_SMALL_CELL_CARCINOMA	0.513485	auROC	SL-A-RF	Holdout	DisGeNet	BioGRID
LUNG_SMALL_CELL_CARCINOMA	0.183268	auPRC	SL-A-RF	5FCV	DisGeNet	BioGRID
LUNG_SMALL_CELL_CARCINOMA	-inf	P@TopK	SL-A-RF	5FCV	DisGeNet	BioGRID
LUNG_SMALL_CELL_CARCINOMA	0.530532	auROC	SL-A-RF	5FCV	DisGeNet	BioGRID
LYMPHOBLASTIC_LEUKEMIA	1.172967	auPRC	SL-A-RF	Holdout	DisGeNet	BioGRID
LYMPHOBLASTIC_LEUKEMIA	2.661952	P@TopK	SL-A-RF	Holdout	DisGeNet	BioGRID
LYMPHOBLASTIC_LEUKEMIA	0.596404	auROC	SL-A-RF	Holdout	DisGeNet	BioGRID
LYMPHOBLASTIC_LEUKEMIA	1.294373	auPRC	SL-A-RF	5FCV	DisGeNet	BioGRID
LYMPHOBLASTIC_LEUKEMIA	1.471070	P@TopK	SL-A-RF	5FCV	DisGeNet	BioGRID
LYMPHOBLASTIC_LEUKEMIA	0.676582	auROC	SL-A-RF	5FCV	DisGeNet	BioGRID
MALE_INFERTILITY	1.359622	auPRC	SL-A-RF	Holdout	DisGeNet	BioGRID
MALE_INFERTILITY	2.011825	P@TopK	SL-A-RF	Holdout	DisGeNet	BioGRID
MALE_INFERTILITY	0.518082	auROC	SL-A-RF	Holdout	DisGeNet	BioGRID
MALE_INFERTILITY	0.719505	auPRC	SL-A-RF	5FCV	DisGeNet	BioGRID
MALE_INFERTILITY	2.644402	P@TopK	SL-A-RF	5FCV	DisGeNet	BioGRID
MALE_INFERTILITY	0.502090	auROC	SL-A-RF	5FCV	DisGeNet	BioGRID
MALIGNANT_MESOTHELIOMA	-0.013446	auPRC	SL-A-RF	Holdout	DisGeNet	BioGRID
MALIGNANT_MESOTHELIOMA	-inf	P@TopK	SL-A-RF	Holdout	DisGeNet	BioGRID
MALIGNANT_MESOTHELIOMA	0.454610	auROC	SL-A-RF	Holdout	DisGeNet	BioGRID
MALIGNANT_MESOTHELIOMA	-0.003580	auPRC	SL-A-RF	5FCV	DisGeNet	BioGRID
MALIGNANT_MESOTHELIOMA	-0.163169	P@TopK	SL-A-RF	5FCV	DisGeNet	BioGRID
MALIGNANT_MESOTHELIOMA	0.499124	auROC	SL-A-RF	5FCV	DisGeNet	BioGRID
MICROPHTHALMIA	-0.046518	auPRC	SL-A-RF	Holdout	DisGeNet	BioGRID
MICROPHTHALMIA	-inf	P@TopK	SL-A-RF	Holdout	DisGeNet	BioGRID
MICROPHTHALMIA	0.490739	auROC	SL-A-RF	Holdout	DisGeNet	BioGRID
MICROPHTHALMIA	0.272362	auPRC	SL-A-RF	5FCV	DisGeNet	BioGRID
MICROPHTHALMIA	2.759871	P@TopK	SL-A-RF	5FCV	DisGeNet	BioGRID
MICROPHTHALMIA	0.505426	auROC	SL-A-RF	5FCV	DisGeNet	BioGRID
MITOCHONDRIAL_METABOLISM_DISEASE	2.642136	auPRC	SL-A-RF	Holdout	DisGeNet	BioGRID
MITOCHONDRIAL_METABOLISM_DISEASE	2.791495	P@TopK	SL-A-RF	Holdout	DisGeNet	BioGRID
MITOCHONDRIAL_METABOLISM_DISEASE	0.721420	auROC	SL-A-RF	Holdout	DisGeNet	BioGRID
MITOCHONDRIAL_METABOLISM_DISEASE	3.512936	auPRC	SL-A-RF	5FCV	DisGeNet	BioGRID
MITOCHONDRIAL_METABOLISM_DISEASE	3.853677	P@TopK	SL-A-RF	5FCV	DisGeNet	BioGRID
MITOCHONDRIAL_METABOLISM_DISEASE	0.788056	auROC	SL-A-RF	5FCV	DisGeNet	BioGRID
MOUTH_DISEASE	0.708194	auPRC	SL-A-RF	Holdout	DisGeNet	BioGRID
MOUTH_DISEASE	1.682848	P@TopK	SL-A-RF	Holdout	DisGeNet	BioGRID
MOUTH_DISEASE	0.586207	auROC	SL-A-RF	Holdout	DisGeNet	BioGRID
MOUTH_DISEASE	0.650348	auPRC	SL-A-RF	5FCV	DisGeNet	BioGRID
MOUTH_DISEASE	1.330596	P@TopK	SL-A-RF	5FCV	DisGeNet	BioGRID
MOUTH_DISEASE	0.613003	auROC	SL-A-RF	5FCV	DisGeNet	BioGRID
MOVEMENT_DISEASE	0.283814	auPRC	SL-A-RF	Holdout	DisGeNet	BioGRID
MOVEMENT_DISEASE	-inf	P@TopK	SL-A-RF	Holdout	DisGeNet	BioGRID
MOVEMENT_DISEASE	0.586529	auROC	SL-A-RF	Holdout	DisGeNet	BioGRID
MOVEMENT_DISEASE	0.857432	auPRC	SL-A-RF	5FCV	DisGeNet	BioGRID
MOVEMENT_DISEASE	2.003531	P@TopK	SL-A-RF	5FCV	DisGeNet	BioGRID
MOVEMENT_DISEASE	0.546102	auROC	SL-A-RF	5FCV	DisGeNet	BioGRID
MUSCULAR_ATROPHY	-0.621128	auPRC	SL-A-RF	Holdout	DisGeNet	BioGRID
MUSCULAR_ATROPHY	-inf	P@TopK	SL-A-RF	Holdout	DisGeNet	BioGRID
MUSCULAR_ATROPHY	0.415944	auROC	SL-A-RF	Holdout	DisGeNet	BioGRID
MUSCULAR_ATROPHY	1.183671	auPRC	SL-A-RF	5FCV	DisGeNet	BioGRID
MUSCULAR_ATROPHY	2.391148	P@TopK	SL-A-RF	5FCV	DisGeNet	BioGRID
MUSCULAR_ATROPHY	0.515207	auROC	SL-A-RF	5FCV	DisGeNet	BioGRID
MUSCULAR_DYSTROPHY	0.501117	auPRC	SL-A-RF	Holdout	DisGeNet	BioGRID
MUSCULAR_DYSTROPHY	-inf	P@TopK	SL-A-RF	Holdout	DisGeNet	BioGRID
MUSCULAR_DYSTROPHY	0.539540	auROC	SL-A-RF	Holdout	DisGeNet	BioGRID
MUSCULAR_DYSTROPHY	0.995098	auPRC	SL-A-RF	5FCV	DisGeNet	BioGRID
MUSCULAR_DYSTROPHY	1.187418	P@TopK	SL-A-RF	5FCV	DisGeNet	BioGRID
MUSCULAR_DYSTROPHY	0.638617	auROC	SL-A-RF	5FCV	DisGeNet	BioGRID
MYELOID_LEUKEMIA	0.923372	auPRC	SL-A-RF	Holdout	DisGeNet	BioGRID
MYELOID_LEUKEMIA	2.438792	P@TopK	SL-A-RF	Holdout	DisGeNet	BioGRID
MYELOID_LEUKEMIA	0.659621	auROC	SL-A-RF	Holdout	DisGeNet	BioGRID
MYELOID_LEUKEMIA	1.063083	auPRC	SL-A-RF	5FCV	DisGeNet	BioGRID
MYELOID_LEUKEMIA	1.890534	P@TopK	SL-A-RF	5FCV	DisGeNet	BioGRID
MYELOID_LEUKEMIA	0.703625	auROC	SL-A-RF	5FCV	DisGeNet	BioGRID
MYOPATHY	-0.064402	auPRC	SL-A-RF	Holdout	DisGeNet	BioGRID
MYOPATHY	-inf	P@TopK	SL-A-RF	Holdout	DisGeNet	BioGRID
MYOPATHY	0.491309	auROC	SL-A-RF	Holdout	DisGeNet	BioGRID
MYOPATHY	0.312421	auPRC	SL-A-RF	5FCV	DisGeNet	BioGRID
MYOPATHY	0.784183	P@TopK	SL-A-RF	5FCV	DisGeNet	BioGRID
MYOPATHY	0.553325	auROC	SL-A-RF	5FCV	DisGeNet	BioGRID
NEPHRITIS	-0.465248	auPRC	SL-A-RF	Holdout	DisGeNet	BioGRID
NEPHRITIS	-inf	P@TopK	SL-A-RF	Holdout	DisGeNet	BioGRID
NEPHRITIS	0.392384	auROC	SL-A-RF	Holdout	DisGeNet	BioGRID
NEPHRITIS	0.295895	auPRC	SL-A-RF	5FCV	DisGeNet	BioGRID
NEPHRITIS	1.437127	P@TopK	SL-A-RF	5FCV	DisGeNet	BioGRID
NEPHRITIS	0.511234	auROC	SL-A-RF	5FCV	DisGeNet	BioGRID
NEUROMUSCULAR_DISEASE	0.136553	auPRC	SL-A-RF	Holdout	DisGeNet	BioGRID
NEUROMUSCULAR_DISEASE	-inf	P@TopK	SL-A-RF	Holdout	DisGeNet	BioGRID
NEUROMUSCULAR_DISEASE	0.504641	auROC	SL-A-RF	Holdout	DisGeNet	BioGRID
NEUROMUSCULAR_DISEASE	-0.015196	auPRC	SL-A-RF	5FCV	DisGeNet	BioGRID
NEUROMUSCULAR_DISEASE	-inf	P@TopK	SL-A-RF	5FCV	DisGeNet	BioGRID
NEUROMUSCULAR_DISEASE	0.504468	auROC	SL-A-RF	5FCV	DisGeNet	BioGRID
NEUROTIC_DISORDER	-0.309279	auPRC	SL-A-RF	Holdout	DisGeNet	BioGRID
NEUROTIC_DISORDER	-inf	P@TopK	SL-A-RF	Holdout	DisGeNet	BioGRID
NEUROTIC_DISORDER	0.431704	auROC	SL-A-RF	Holdout	DisGeNet	BioGRID
NEUROTIC_DISORDER	0.272141	auPRC	SL-A-RF	5FCV	DisGeNet	BioGRID
NEUROTIC_DISORDER	0.556817	P@TopK	SL-A-RF	5FCV	DisGeNet	BioGRID
NEUROTIC_DISORDER	0.534390	auROC	SL-A-RF	5FCV	DisGeNet	BioGRID
NON_SYNDROMIC_INTELLECTUAL_DISABILITY	-0.413248	auPRC	SL-A-RF	Holdout	DisGeNet	BioGRID
NON_SYNDROMIC_INTELLECTUAL_DISABILITY	-inf	P@TopK	SL-A-RF	Holdout	DisGeNet	BioGRID
NON_SYNDROMIC_INTELLECTUAL_DISABILITY	0.444405	auROC	SL-A-RF	Holdout	DisGeNet	BioGRID
NON_SYNDROMIC_INTELLECTUAL_DISABILITY	0.785403	auPRC	SL-A-RF	5FCV	DisGeNet	BioGRID
NON_SYNDROMIC_INTELLECTUAL_DISABILITY	2.805570	P@TopK	SL-A-RF	5FCV	DisGeNet	BioGRID
NON_SYNDROMIC_INTELLECTUAL_DISABILITY	0.563801	auROC	SL-A-RF	5FCV	DisGeNet	BioGRID
NUTRITION_DISEASE	-0.391637	auPRC	SL-A-RF	Holdout	DisGeNet	BioGRID
NUTRITION_DISEASE	-inf	P@TopK	SL-A-RF	Holdout	DisGeNet	BioGRID
NUTRITION_DISEASE	0.416497	auROC	SL-A-RF	Holdout	DisGeNet	BioGRID
NUTRITION_DISEASE	0.242300	auPRC	SL-A-RF	5FCV	DisGeNet	BioGRID
NUTRITION_DISEASE	-0.635701	P@TopK	SL-A-RF	5FCV	DisGeNet	BioGRID
NUTRITION_DISEASE	0.529523	auROC	SL-A-RF	5FCV	DisGeNet	BioGRID
OCULAR_MOTILITY_DISEASE	0.003474	auPRC	SL-A-RF	Holdout	DisGeNet	BioGRID
OCULAR_MOTILITY_DISEASE	0.279582	P@TopK	SL-A-RF	Holdout	DisGeNet	BioGRID
OCULAR_MOTILITY_DISEASE	0.494012	auROC	SL-A-RF	Holdout	DisGeNet	BioGRID
OCULAR_MOTILITY_DISEASE	0.258995	auPRC	SL-A-RF	5FCV	DisGeNet	BioGRID
OCULAR_MOTILITY_DISEASE	-0.830484	P@TopK	SL-A-RF	5FCV	DisGeNet	BioGRID
OCULAR_MOTILITY_DISEASE	0.566355	auROC	SL-A-RF	5FCV	DisGeNet	BioGRID
OROFACIAL_CLEFT	-0.104248	auPRC	SL-A-RF	Holdout	DisGeNet	BioGRID
OROFACIAL_CLEFT	-inf	P@TopK	SL-A-RF	Holdout	DisGeNet	BioGRID
OROFACIAL_CLEFT	0.491683	auROC	SL-A-RF	Holdout	DisGeNet	BioGRID
OROFACIAL_CLEFT	0.672867	auPRC	SL-A-RF	5FCV	DisGeNet	BioGRID
OROFACIAL_CLEFT	1.278592	P@TopK	SL-A-RF	5FCV	DisGeNet	BioGRID
OROFACIAL_CLEFT	0.629753	auROC	SL-A-RF	5FCV	DisGeNet	BioGRID
OSTEOCHONDRODYSPLASIA	0.562143	auPRC	SL-A-RF	Holdout	DisGeNet	BioGRID
OSTEOCHONDRODYSPLASIA	2.293472	P@TopK	SL-A-RF	Holdout	DisGeNet	BioGRID
OSTEOCHONDRODYSPLASIA	0.596020	auROC	SL-A-RF	Holdout	DisGeNet	BioGRID
OSTEOCHONDRODYSPLASIA	0.266470	auPRC	SL-A-RF	5FCV	DisGeNet	BioGRID
OSTEOCHONDRODYSPLASIA	1.419427	P@TopK	SL-A-RF	5FCV	DisGeNet	BioGRID
OSTEOCHONDRODYSPLASIA	0.536866	auROC	SL-A-RF	5FCV	DisGeNet	BioGRID
OSTEOPOROSIS	-0.193002	auPRC	SL-A-RF	Holdout	DisGeNet	BioGRID
OSTEOPOROSIS	-inf	P@TopK	SL-A-RF	Holdout	DisGeNet	BioGRID
OSTEOPOROSIS	0.451809	auROC	SL-A-RF	Holdout	DisGeNet	BioGRID
OSTEOPOROSIS	0.720009	auPRC	SL-A-RF	5FCV	DisGeNet	BioGRID
OSTEOPOROSIS	0.923342	P@TopK	SL-A-RF	5FCV	DisGeNet	BioGRID
OSTEOPOROSIS	0.604599	auROC	SL-A-RF	5FCV	DisGeNet	BioGRID
OVARIAN_DISEASE	0.279868	auPRC	SL-A-RF	Holdout	DisGeNet	BioGRID
OVARIAN_DISEASE	-inf	P@TopK	SL-A-RF	Holdout	DisGeNet	BioGRID
OVARIAN_DISEASE	0.519662	auROC	SL-A-RF	Holdout	DisGeNet	BioGRID
OVARIAN_DISEASE	0.637800	auPRC	SL-A-RF	5FCV	DisGeNet	BioGRID
OVARIAN_DISEASE	2.076382	P@TopK	SL-A-RF	5FCV	DisGeNet	BioGRID
OVARIAN_DISEASE	0.571645	auROC	SL-A-RF	5FCV	DisGeNet	BioGRID
PARAPLEGIA	-0.162003	auPRC	SL-A-RF	Holdout	DisGeNet	BioGRID
PARAPLEGIA	-inf	P@TopK	SL-A-RF	Holdout	DisGeNet	BioGRID
PARAPLEGIA	0.489394	auROC	SL-A-RF	Holdout	DisGeNet	BioGRID
PARAPLEGIA	0.916329	auPRC	SL-A-RF	5FCV	DisGeNet	BioGRID
PARAPLEGIA	2.712573	P@TopK	SL-A-RF	5FCV	DisGeNet	BioGRID
PARAPLEGIA	0.573485	auROC	SL-A-RF	5FCV	DisGeNet	BioGRID
PLACENTAL_INSUFFICIENCY	0.822030	auPRC	SL-A-RF	Holdout	DisGeNet	BioGRID
PLACENTAL_INSUFFICIENCY	-inf	P@TopK	SL-A-RF	Holdout	DisGeNet	BioGRID
PLACENTAL_INSUFFICIENCY	0.565136	auROC	SL-A-RF	Holdout	DisGeNet	BioGRID
PLACENTAL_INSUFFICIENCY	2.583348	auPRC	SL-A-RF	5FCV	DisGeNet	BioGRID
PLACENTAL_INSUFFICIENCY	3.369888	P@TopK	SL-A-RF	5FCV	DisGeNet	BioGRID
PLACENTAL_INSUFFICIENCY	0.681466	auROC	SL-A-RF	5FCV	DisGeNet	BioGRID
POLYCYSTIC_OVARY_SYNDROME	-0.071955	auPRC	SL-A-RF	Holdout	DisGeNet	BioGRID
POLYCYSTIC_OVARY_SYNDROME	-0.693172	P@TopK	SL-A-RF	Holdout	DisGeNet	BioGRID
POLYCYSTIC_OVARY_SYNDROME	0.492148	auROC	SL-A-RF	Holdout	DisGeNet	BioGRID
POLYCYSTIC_OVARY_SYNDROME	0.225123	auPRC	SL-A-RF	5FCV	DisGeNet	BioGRID
POLYCYSTIC_OVARY_SYNDROME	-1.306958	P@TopK	SL-A-RF	5FCV	DisGeNet	BioGRID
POLYCYSTIC_OVARY_SYNDROME	0.552505	auROC	SL-A-RF	5FCV	DisGeNet	BioGRID
PROGRESSIVE_MYOCLONUS_EPILEPSY	-0.574536	auPRC	SL-A-RF	Holdout	DisGeNet	BioGRID
PROGRESSIVE_MYOCLONUS_EPILEPSY	-inf	P@TopK	SL-A-RF	Holdout	DisGeNet	BioGRID
PROGRESSIVE_MYOCLONUS_EPILEPSY	0.434491	auROC	SL-A-RF	Holdout	DisGeNet	BioGRID
PROGRESSIVE_MYOCLONUS_EPILEPSY	-0.252940	auPRC	SL-A-RF	5FCV	DisGeNet	BioGRID
PROGRESSIVE_MYOCLONUS_EPILEPSY	-inf	P@TopK	SL-A-RF	5FCV	DisGeNet	BioGRID
PROGRESSIVE_MYOCLONUS_EPILEPSY	0.458676	auROC	SL-A-RF	5FCV	DisGeNet	BioGRID
PYOURETER	0.233228	auPRC	SL-A-RF	Holdout	DisGeNet	BioGRID
PYOURETER	-inf	P@TopK	SL-A-RF	Holdout	DisGeNet	BioGRID
PYOURETER	0.539357	auROC	SL-A-RF	Holdout	DisGeNet	BioGRID
PYOURETER	-0.277057	auPRC	SL-A-RF	5FCV	DisGeNet	BioGRID
PYOURETER	-inf	P@TopK	SL-A-RF	5FCV	DisGeNet	BioGRID
PYOURETER	0.457912	auROC	SL-A-RF	5FCV	DisGeNet	BioGRID
RETINAL_DISEASE	-0.074859	auPRC	SL-A-RF	Holdout	DisGeNet	BioGRID
RETINAL_DISEASE	0.552812	P@TopK	SL-A-RF	Holdout	DisGeNet	BioGRID
RETINAL_DISEASE	0.485209	auROC	SL-A-RF	Holdout	DisGeNet	BioGRID
RETINAL_DISEASE	0.326206	auPRC	SL-A-RF	5FCV	DisGeNet	BioGRID
RETINAL_DISEASE	0.756052	P@TopK	SL-A-RF	5FCV	DisGeNet	BioGRID
RETINAL_DISEASE	0.518647	auROC	SL-A-RF	5FCV	DisGeNet	BioGRID
RETINITIS_PIGMENTOSA	0.517252	auPRC	SL-A-RF	Holdout	DisGeNet	BioGRID
RETINITIS_PIGMENTOSA	1.052391	P@TopK	SL-A-RF	Holdout	DisGeNet	BioGRID
RETINITIS_PIGMENTOSA	0.582877	auROC	SL-A-RF	Holdout	DisGeNet	BioGRID
RETINITIS_PIGMENTOSA	0.358362	auPRC	SL-A-RF	5FCV	DisGeNet	BioGRID
RETINITIS_PIGMENTOSA	1.543064	P@TopK	SL-A-RF	5FCV	DisGeNet	BioGRID
RETINITIS_PIGMENTOSA	0.533816	auROC	SL-A-RF	5FCV	DisGeNet	BioGRID
RHEUMATOID_ARTHRITIS	-0.106707	auPRC	SL-A-RF	Holdout	DisGeNet	BioGRID
RHEUMATOID_ARTHRITIS	-inf	P@TopK	SL-A-RF	Holdout	DisGeNet	BioGRID
RHEUMATOID_ARTHRITIS	0.495448	auROC	SL-A-RF	Holdout	DisGeNet	BioGRID
RHEUMATOID_ARTHRITIS	0.777444	auPRC	SL-A-RF	5FCV	DisGeNet	BioGRID
RHEUMATOID_ARTHRITIS	1.920102	P@TopK	SL-A-RF	5FCV	DisGeNet	BioGRID
RHEUMATOID_ARTHRITIS	0.540769	auROC	SL-A-RF	5FCV	DisGeNet	BioGRID
SALIVARY_GLAND_ADENOID_CYSTIC_CARCINOMA	0.100324	auPRC	SL-A-RF	Holdout	DisGeNet	BioGRID
SALIVARY_GLAND_ADENOID_CYSTIC_CARCINOMA	-inf	P@TopK	SL-A-RF	Holdout	DisGeNet	BioGRID
SALIVARY_GLAND_ADENOID_CYSTIC_CARCINOMA	0.517904	auROC	SL-A-RF	Holdout	DisGeNet	BioGRID
SALIVARY_GLAND_ADENOID_CYSTIC_CARCINOMA	0.470888	auPRC	SL-A-RF	5FCV	DisGeNet	BioGRID
SALIVARY_GLAND_ADENOID_CYSTIC_CARCINOMA	-inf	P@TopK	SL-A-RF	5FCV	DisGeNet	BioGRID
SALIVARY_GLAND_ADENOID_CYSTIC_CARCINOMA	0.573721	auROC	SL-A-RF	5FCV	DisGeNet	BioGRID
SCHIZOAFFECTIVE_DISORDER	-0.698213	auPRC	SL-A-RF	Holdout	DisGeNet	BioGRID
SCHIZOAFFECTIVE_DISORDER	-inf	P@TopK	SL-A-RF	Holdout	DisGeNet	BioGRID
SCHIZOAFFECTIVE_DISORDER	0.356078	auROC	SL-A-RF	Holdout	DisGeNet	BioGRID
SCHIZOAFFECTIVE_DISORDER	0.122902	auPRC	SL-A-RF	5FCV	DisGeNet	BioGRID
SCHIZOAFFECTIVE_DISORDER	1.473931	P@TopK	SL-A-RF	5FCV	DisGeNet	BioGRID
SCHIZOAFFECTIVE_DISORDER	0.483724	auROC	SL-A-RF	5FCV	DisGeNet	BioGRID
SEBORRHEIC_KERATOSIS	-0.474471	auPRC	SL-A-RF	Holdout	DisGeNet	BioGRID
SEBORRHEIC_KERATOSIS	-inf	P@TopK	SL-A-RF	Holdout	DisGeNet	BioGRID
SEBORRHEIC_KERATOSIS	0.454434	auROC	SL-A-RF	Holdout	DisGeNet	BioGRID
SEBORRHEIC_KERATOSIS	0.164028	auPRC	SL-A-RF	5FCV	DisGeNet	BioGRID
SEBORRHEIC_KERATOSIS	-inf	P@TopK	SL-A-RF	5FCV	DisGeNet	BioGRID
SEBORRHEIC_KERATOSIS	0.523259	auROC	SL-A-RF	5FCV	DisGeNet	BioGRID
SKIN_CANCER	-0.023010	auPRC	SL-A-RF	Holdout	DisGeNet	BioGRID
SKIN_CANCER	-0.754183	P@TopK	SL-A-RF	Holdout	DisGeNet	BioGRID
SKIN_CANCER	0.497534	auROC	SL-A-RF	Holdout	DisGeNet	BioGRID
SKIN_CANCER	0.204533	auPRC	SL-A-RF	5FCV	DisGeNet	BioGRID
SKIN_CANCER	0.347785	P@TopK	SL-A-RF	5FCV	DisGeNet	BioGRID
SKIN_CANCER	0.524112	auROC	SL-A-RF	5FCV	DisGeNet	BioGRID
STOMACH_DISEASE	0.108409	auPRC	SL-A-RF	Holdout	DisGeNet	BioGRID
STOMACH_DISEASE	-0.169426	P@TopK	SL-A-RF	Holdout	DisGeNet	BioGRID
STOMACH_DISEASE	0.526157	auROC	SL-A-RF	Holdout	DisGeNet	BioGRID
STOMACH_DISEASE	0.424048	auPRC	SL-A-RF	5FCV	DisGeNet	BioGRID
STOMACH_DISEASE	0.464955	P@TopK	SL-A-RF	5FCV	DisGeNet	BioGRID
STOMACH_DISEASE	0.598566	auROC	SL-A-RF	5FCV	DisGeNet	BioGRID
SUBSTANCE_RELATED_DISORDER	0.062548	auPRC	SL-A-RF	Holdout	DisGeNet	BioGRID
SUBSTANCE_RELATED_DISORDER	0.581534	P@TopK	SL-A-RF	Holdout	DisGeNet	BioGRID
SUBSTANCE_RELATED_DISORDER	0.465870	auROC	SL-A-RF	Holdout	DisGeNet	BioGRID
SUBSTANCE_RELATED_DISORDER	0.345083	auPRC	SL-A-RF	5FCV	DisGeNet	BioGRID
SUBSTANCE_RELATED_DISORDER	0.678384	P@TopK	SL-A-RF	5FCV	DisGeNet	BioGRID
SUBSTANCE_RELATED_DISORDER	0.495782	auROC	SL-A-RF	5FCV	DisGeNet	BioGRID
SYNDROMIC_INTELLECTUAL_DISABILITY	0.581148	auPRC	SL-A-RF	Holdout	DisGeNet	BioGRID
SYNDROMIC_INTELLECTUAL_DISABILITY	-inf	P@TopK	SL-A-RF	Holdout	DisGeNet	BioGRID
SYNDROMIC_INTELLECTUAL_DISABILITY	0.595432	auROC	SL-A-RF	Holdout	DisGeNet	BioGRID
SYNDROMIC_INTELLECTUAL_DISABILITY	1.901902	auPRC	SL-A-RF	5FCV	DisGeNet	BioGRID
SYNDROMIC_INTELLECTUAL_DISABILITY	2.005032	P@TopK	SL-A-RF	5FCV	DisGeNet	BioGRID
SYNDROMIC_INTELLECTUAL_DISABILITY	0.680102	auROC	SL-A-RF	5FCV	DisGeNet	BioGRID
TAUOPATHY	0.177772	auPRC	SL-A-RF	Holdout	DisGeNet	BioGRID
TAUOPATHY	-inf	P@TopK	SL-A-RF	Holdout	DisGeNet	BioGRID
TAUOPATHY	0.485695	auROC	SL-A-RF	Holdout	DisGeNet	BioGRID
TAUOPATHY	0.274439	auPRC	SL-A-RF	5FCV	DisGeNet	BioGRID
TAUOPATHY	0.015546	P@TopK	SL-A-RF	5FCV	DisGeNet	BioGRID
TAUOPATHY	0.525009	auROC	SL-A-RF	5FCV	DisGeNet	BioGRID
THYROID_GLAND_DISEASE	-0.304881	auPRC	SL-A-RF	Holdout	DisGeNet	BioGRID
THYROID_GLAND_DISEASE	-inf	P@TopK	SL-A-RF	Holdout	DisGeNet	BioGRID
THYROID_GLAND_DISEASE	0.462372	auROC	SL-A-RF	Holdout	DisGeNet	BioGRID
THYROID_GLAND_DISEASE	0.182553	auPRC	SL-A-RF	5FCV	DisGeNet	BioGRID
THYROID_GLAND_DISEASE	-inf	P@TopK	SL-A-RF	5FCV	DisGeNet	BioGRID
THYROID_GLAND_DISEASE	0.531527	auROC	SL-A-RF	5FCV	DisGeNet	BioGRID
UPPER_RESPIRATORY_TRACT_DISEASE	0.424929	auPRC	SL-A-RF	Holdout	DisGeNet	BioGRID
UPPER_RESPIRATORY_TRACT_DISEASE	-inf	P@TopK	SL-A-RF	Holdout	DisGeNet	BioGRID
UPPER_RESPIRATORY_TRACT_DISEASE	0.551005	auROC	SL-A-RF	Holdout	DisGeNet	BioGRID
UPPER_RESPIRATORY_TRACT_DISEASE	1.001698	auPRC	SL-A-RF	5FCV	DisGeNet	BioGRID
UPPER_RESPIRATORY_TRACT_DISEASE	1.691851	P@TopK	SL-A-RF	5FCV	DisGeNet	BioGRID
UPPER_RESPIRATORY_TRACT_DISEASE	0.604382	auROC	SL-A-RF	5FCV	DisGeNet	BioGRID
UTERINE_DISEASE	0.872366	auPRC	SL-A-RF	Holdout	DisGeNet	BioGRID
UTERINE_DISEASE	2.035189	P@TopK	SL-A-RF	Holdout	DisGeNet	BioGRID
UTERINE_DISEASE	0.592901	auROC	SL-A-RF	Holdout	DisGeNet	BioGRID
UTERINE_DISEASE	0.814957	auPRC	SL-A-RF	5FCV	DisGeNet	BioGRID
UTERINE_DISEASE	1.388396	P@TopK	SL-A-RF	5FCV	DisGeNet	BioGRID
UTERINE_DISEASE	0.594765	auROC	SL-A-RF	5FCV	DisGeNet	BioGRID
VIRAL_INFECTIOUS_DISEASE	0.201385	auPRC	SL-A-RF	Holdout	DisGeNet	BioGRID
VIRAL_INFECTIOUS_DISEASE	-inf	P@TopK	SL-A-RF	Holdout	DisGeNet	BioGRID
VIRAL_INFECTIOUS_DISEASE	0.529819	auROC	SL-A-RF	Holdout	DisGeNet	BioGRID
VIRAL_INFECTIOUS_DISEASE	1.648984	auPRC	SL-A-RF	5FCV	DisGeNet	BioGRID
VIRAL_INFECTIOUS_DISEASE	2.678710	P@TopK	SL-A-RF	5FCV	DisGeNet	BioGRID
VIRAL_INFECTIOUS_DISEASE	0.659948	auROC	SL-A-RF	5FCV	DisGeNet	BioGRID
ACQUIRED_IMMUNODEFICIENCY_SYNDROME	1.110378	auPRC	SL-A-RF	Holdout	BeFree	BioGRID
ACQUIRED_IMMUNODEFICIENCY_SYNDROME	2.611435	P@TopK	SL-A-RF	Holdout	BeFree	BioGRID
ACQUIRED_IMMUNODEFICIENCY_SYNDROME	0.564180	auROC	SL-A-RF	Holdout	BeFree	BioGRID
ACQUIRED_IMMUNODEFICIENCY_SYNDROME	0.750704	auPRC	SL-A-RF	5FCV	BeFree	BioGRID
ACQUIRED_IMMUNODEFICIENCY_SYNDROME	1.966535	P@TopK	SL-A-RF	5FCV	BeFree	BioGRID
ACQUIRED_IMMUNODEFICIENCY_SYNDROME	0.571123	auROC	SL-A-RF	5FCV	BeFree	BioGRID
ACUTE_LYMPHOCYTIC_LEUKEMIA	0.730898	auPRC	SL-A-RF	Holdout	BeFree	BioGRID
ACUTE_LYMPHOCYTIC_LEUKEMIA	1.830075	P@TopK	SL-A-RF	Holdout	BeFree	BioGRID
ACUTE_LYMPHOCYTIC_LEUKEMIA	0.573291	auROC	SL-A-RF	Holdout	BeFree	BioGRID
ACUTE_LYMPHOCYTIC_LEUKEMIA	0.808690	auPRC	SL-A-RF	5FCV	BeFree	BioGRID
ACUTE_LYMPHOCYTIC_LEUKEMIA	0.999399	P@TopK	SL-A-RF	5FCV	BeFree	BioGRID
ACUTE_LYMPHOCYTIC_LEUKEMIA	0.615721	auROC	SL-A-RF	5FCV	BeFree	BioGRID
ADENOMA	0.021905	auPRC	SL-A-RF	Holdout	BeFree	BioGRID
ADENOMA	-inf	P@TopK	SL-A-RF	Holdout	BeFree	BioGRID
ADENOMA	0.523535	auROC	SL-A-RF	Holdout	BeFree	BioGRID
ADENOMA	0.360709	auPRC	SL-A-RF	5FCV	BeFree	BioGRID
ADENOMA	1.083249	P@TopK	SL-A-RF	5FCV	BeFree	BioGRID
ADENOMA	0.532247	auROC	SL-A-RF	5FCV	BeFree	BioGRID
ANEMIA	3.378898	auPRC	SL-A-RF	Holdout	BeFree	BioGRID
ANEMIA	3.233932	P@TopK	SL-A-RF	Holdout	BeFree	BioGRID
ANEMIA	0.639927	auROC	SL-A-RF	Holdout	BeFree	BioGRID
ANEMIA	3.236065	auPRC	SL-A-RF	5FCV	BeFree	BioGRID
ANEMIA	3.658740	P@TopK	SL-A-RF	5FCV	BeFree	BioGRID
ANEMIA	0.719193	auROC	SL-A-RF	5FCV	BeFree	BioGRID
ARTHRITIS	-0.087340	auPRC	SL-A-RF	Holdout	BeFree	BioGRID
ARTHRITIS	-inf	P@TopK	SL-A-RF	Holdout	BeFree	BioGRID
ARTHRITIS	0.517214	auROC	SL-A-RF	Holdout	BeFree	BioGRID
ARTHRITIS	0.560668	auPRC	SL-A-RF	5FCV	BeFree	BioGRID
ARTHRITIS	1.168630	P@TopK	SL-A-RF	5FCV	BeFree	BioGRID
ARTHRITIS	0.590138	auROC	SL-A-RF	5FCV	BeFree	BioGRID
ASTHMA	0.603284	auPRC	SL-A-RF	Holdout	BeFree	BioGRID
ASTHMA	2.732188	P@TopK	SL-A-RF	Holdout	BeFree	BioGRID
ASTHMA	0.623524	auROC	SL-A-RF	Holdout	BeFree	BioGRID
ASTHMA	0.703292	auPRC	SL-A-RF	5FCV	BeFree	BioGRID
ASTHMA	1.192035	P@TopK	SL-A-RF	5FCV	BeFree	BioGRID
ASTHMA	0.568731	auROC	SL-A-RF	5FCV	BeFree	BioGRID
AUTISTIC_DISORDER	2.911716	auPRC	SL-A-RF	Holdout	BeFree	BioGRID
AUTISTIC_DISORDER	3.273213	P@TopK	SL-A-RF	Holdout	BeFree	BioGRID
AUTISTIC_DISORDER	0.714733	auROC	SL-A-RF	Holdout	BeFree	BioGRID
AUTISTIC_DISORDER	2.998645	auPRC	SL-A-RF	5FCV	BeFree	BioGRID
AUTISTIC_DISORDER	3.743777	P@TopK	SL-A-RF	5FCV	BeFree	BioGRID
AUTISTIC_DISORDER	0.716382	auROC	SL-A-RF	5FCV	BeFree	BioGRID
AUTOIMMUNE_HYPERSENSITIVITY_DISEASE	0.725747	auPRC	SL-A-RF	Holdout	BeFree	BioGRID
AUTOIMMUNE_HYPERSENSITIVITY_DISEASE	0.126598	P@TopK	SL-A-RF	Holdout	BeFree	BioGRID
AUTOIMMUNE_HYPERSENSITIVITY_DISEASE	0.686366	auROC	SL-A-RF	Holdout	BeFree	BioGRID
AUTOIMMUNE_HYPERSENSITIVITY_DISEASE	0.723723	auPRC	SL-A-RF	5FCV	BeFree	BioGRID
AUTOIMMUNE_HYPERSENSITIVITY_DISEASE	1.386221	P@TopK	SL-A-RF	5FCV	BeFree	BioGRID
AUTOIMMUNE_HYPERSENSITIVITY_DISEASE	0.610891	auROC	SL-A-RF	5FCV	BeFree	BioGRID
AUTOIMMUNE_LYMPHOPROLIFERATIVE_SYNDROME	0.565136	auPRC	SL-A-RF	Holdout	BeFree	BioGRID
AUTOIMMUNE_LYMPHOPROLIFERATIVE_SYNDROME	-inf	P@TopK	SL-A-RF	Holdout	BeFree	BioGRID
AUTOIMMUNE_LYMPHOPROLIFERATIVE_SYNDROME	0.602384	auROC	SL-A-RF	Holdout	BeFree	BioGRID
AUTOIMMUNE_LYMPHOPROLIFERATIVE_SYNDROME	0.809848	auPRC	SL-A-RF	5FCV	BeFree	BioGRID
AUTOIMMUNE_LYMPHOPROLIFERATIVE_SYNDROME	1.875084	P@TopK	SL-A-RF	5FCV	BeFree	BioGRID
AUTOIMMUNE_LYMPHOPROLIFERATIVE_SYNDROME	0.590568	auROC	SL-A-RF	5FCV	BeFree	BioGRID
AUTOSOMAL_RECESSIVE_LIMB_GIRDLE_MUSCULAR_DYSTROPHY_TYPE_2H	2.115248	auPRC	SL-A-RF	Holdout	BeFree	BioGRID
AUTOSOMAL_RECESSIVE_LIMB_GIRDLE_MUSCULAR_DYSTROPHY_TYPE_2H	2.573267	P@TopK	SL-A-RF	Holdout	BeFree	BioGRID
AUTOSOMAL_RECESSIVE_LIMB_GIRDLE_MUSCULAR_DYSTROPHY_TYPE_2H	0.736097	auROC	SL-A-RF	Holdout	BeFree	BioGRID
AUTOSOMAL_RECESSIVE_LIMB_GIRDLE_MUSCULAR_DYSTROPHY_TYPE_2H	2.498844	auPRC	SL-A-RF	5FCV	BeFree	BioGRID
AUTOSOMAL_RECESSIVE_LIMB_GIRDLE_MUSCULAR_DYSTROPHY_TYPE_2H	3.744310	P@TopK	SL-A-RF	5FCV	BeFree	BioGRID
AUTOSOMAL_RECESSIVE_LIMB_GIRDLE_MUSCULAR_DYSTROPHY_TYPE_2H	0.690876	auROC	SL-A-RF	5FCV	BeFree	BioGRID
BACTERIAL_INFECTIOUS_DISEASE	1.228232	auPRC	SL-A-RF	Holdout	BeFree	BioGRID
BACTERIAL_INFECTIOUS_DISEASE	2.656623	P@TopK	SL-A-RF	Holdout	BeFree	BioGRID
BACTERIAL_INFECTIOUS_DISEASE	0.618211	auROC	SL-A-RF	Holdout	BeFree	BioGRID
BACTERIAL_INFECTIOUS_DISEASE	2.450163	auPRC	SL-A-RF	5FCV	BeFree	BioGRID
BACTERIAL_INFECTIOUS_DISEASE	3.627935	P@TopK	SL-A-RF	5FCV	BeFree	BioGRID
BACTERIAL_INFECTIOUS_DISEASE	0.668525	auROC	SL-A-RF	5FCV	BeFree	BioGRID
BONE_MARROW_CANCER	0.216886	auPRC	SL-A-RF	Holdout	BeFree	BioGRID
BONE_MARROW_CANCER	-inf	P@TopK	SL-A-RF	Holdout	BeFree	BioGRID
BONE_MARROW_CANCER	0.571162	auROC	SL-A-RF	Holdout	BeFree	BioGRID
BONE_MARROW_CANCER	0.748620	auPRC	SL-A-RF	5FCV	BeFree	BioGRID
BONE_MARROW_CANCER	1.286439	P@TopK	SL-A-RF	5FCV	BeFree	BioGRID
BONE_MARROW_CANCER	0.631117	auROC	SL-A-RF	5FCV	BeFree	BioGRID
BRAIN_CANCER	-0.052794	auPRC	SL-A-RF	Holdout	BeFree	BioGRID
BRAIN_CANCER	-0.805700	P@TopK	SL-A-RF	Holdout	BeFree	BioGRID
BRAIN_CANCER	0.488752	auROC	SL-A-RF	Holdout	BeFree	BioGRID
BRAIN_CANCER	0.805604	auPRC	SL-A-RF	5FCV	BeFree	BioGRID
BRAIN_CANCER	0.991850	P@TopK	SL-A-RF	5FCV	BeFree	BioGRID
BRAIN_CANCER	0.624935	auROC	SL-A-RF	5FCV	BeFree	BioGRID
CEREBRAL_DEGENERATION	1.114804	auPRC	SL-A-RF	Holdout	BeFree	BioGRID
CEREBRAL_DEGENERATION	0.939302	P@TopK	SL-A-RF	Holdout	BeFree	BioGRID
CEREBRAL_DEGENERATION	0.548892	auROC	SL-A-RF	Holdout	BeFree	BioGRID
CEREBRAL_DEGENERATION	0.793235	auPRC	SL-A-RF	5FCV	BeFree	BioGRID
CEREBRAL_DEGENERATION	1.284200	P@TopK	SL-A-RF	5FCV	BeFree	BioGRID
CEREBRAL_DEGENERATION	0.620630	auROC	SL-A-RF	5FCV	BeFree	BioGRID
CHARCOT_MARIE_TOOTH_DISEASE	0.259325	auPRC	SL-A-RF	Holdout	BeFree	BioGRID
CHARCOT_MARIE_TOOTH_DISEASE	-inf	P@TopK	SL-A-RF	Holdout	BeFree	BioGRID
CHARCOT_MARIE_TOOTH_DISEASE	0.596590	auROC	SL-A-RF	Holdout	BeFree	BioGRID
CHARCOT_MARIE_TOOTH_DISEASE	0.567761	auPRC	SL-A-RF	5FCV	BeFree	BioGRID
CHARCOT_MARIE_TOOTH_DISEASE	1.866089	P@TopK	SL-A-RF	5FCV	BeFree	BioGRID
CHARCOT_MARIE_TOOTH_DISEASE	0.562158	auROC	SL-A-RF	5FCV	BeFree	BioGRID
COLLAGEN_DISEASE	1.453404	auPRC	SL-A-RF	Holdout	BeFree	BioGRID
COLLAGEN_DISEASE	-inf	P@TopK	SL-A-RF	Holdout	BeFree	BioGRID
COLLAGEN_DISEASE	0.649460	auROC	SL-A-RF	Holdout	BeFree	BioGRID
COLLAGEN_DISEASE	2.107710	auPRC	SL-A-RF	5FCV	BeFree	BioGRID
COLLAGEN_DISEASE	3.371412	P@TopK	SL-A-RF	5FCV	BeFree	BioGRID
COLLAGEN_DISEASE	0.668700	auROC	SL-A-RF	5FCV	BeFree	BioGRID
DERMATITIS	2.704960	auPRC	SL-A-RF	Holdout	BeFree	BioGRID
DERMATITIS	2.719573	P@TopK	SL-A-RF	Holdout	BeFree	BioGRID
DERMATITIS	0.511161	auROC	SL-A-RF	Holdout	BeFree	BioGRID
DERMATITIS	0.932051	auPRC	SL-A-RF	5FCV	BeFree	BioGRID
DERMATITIS	1.957038	P@TopK	SL-A-RF	5FCV	BeFree	BioGRID
DERMATITIS	0.579352	auROC	SL-A-RF	5FCV	BeFree	BioGRID
DIABETES_MELLITUS	-0.241066	auPRC	SL-A-RF	Holdout	BeFree	BioGRID
DIABETES_MELLITUS	-inf	P@TopK	SL-A-RF	Holdout	BeFree	BioGRID
DIABETES_MELLITUS	0.438105	auROC	SL-A-RF	Holdout	BeFree	BioGRID
DIABETES_MELLITUS	-0.078933	auPRC	SL-A-RF	5FCV	BeFree	BioGRID
DIABETES_MELLITUS	-0.408574	P@TopK	SL-A-RF	5FCV	BeFree	BioGRID
DIABETES_MELLITUS	0.477183	auROC	SL-A-RF	5FCV	BeFree	BioGRID
EPILEPSY	0.905135	auPRC	SL-A-RF	Holdout	BeFree	BioGRID
EPILEPSY	2.280370	P@TopK	SL-A-RF	Holdout	BeFree	BioGRID
EPILEPSY	0.646402	auROC	SL-A-RF	Holdout	BeFree	BioGRID
EPILEPSY	0.787006	auPRC	SL-A-RF	5FCV	BeFree	BioGRID
EPILEPSY	0.976975	P@TopK	SL-A-RF	5FCV	BeFree	BioGRID
EPILEPSY	0.616399	auROC	SL-A-RF	5FCV	BeFree	BioGRID
EYE_DISEASE	0.390467	auPRC	SL-A-RF	Holdout	BeFree	BioGRID
EYE_DISEASE	0.848777	P@TopK	SL-A-RF	Holdout	BeFree	BioGRID
EYE_DISEASE	0.510896	auROC	SL-A-RF	Holdout	BeFree	BioGRID
EYE_DISEASE	0.581412	auPRC	SL-A-RF	5FCV	BeFree	BioGRID
EYE_DISEASE	0.857144	P@TopK	SL-A-RF	5FCV	BeFree	BioGRID
EYE_DISEASE	0.557446	auROC	SL-A-RF	5FCV	BeFree	BioGRID
FAMILIAL_PERIODIC_PARALYSIS	0.632954	auPRC	SL-A-RF	Holdout	BeFree	BioGRID
FAMILIAL_PERIODIC_PARALYSIS	-inf	P@TopK	SL-A-RF	Holdout	BeFree	BioGRID
FAMILIAL_PERIODIC_PARALYSIS	0.590959	auROC	SL-A-RF	Holdout	BeFree	BioGRID
FAMILIAL_PERIODIC_PARALYSIS	1.600875	auPRC	SL-A-RF	5FCV	BeFree	BioGRID
FAMILIAL_PERIODIC_PARALYSIS	2.377974	P@TopK	SL-A-RF	5FCV	BeFree	BioGRID
FAMILIAL_PERIODIC_PARALYSIS	0.674935	auROC	SL-A-RF	5FCV	BeFree	BioGRID
FEMALE_REPRODUCTIVE_ORGAN_CANCER	-0.241569	auPRC	SL-A-RF	Holdout	BeFree	BioGRID
FEMALE_REPRODUCTIVE_ORGAN_CANCER	1.001997	P@TopK	SL-A-RF	Holdout	BeFree	BioGRID
FEMALE_REPRODUCTIVE_ORGAN_CANCER	0.433351	auROC	SL-A-RF	Holdout	BeFree	BioGRID
FEMALE_REPRODUCTIVE_ORGAN_CANCER	0.574266	auPRC	SL-A-RF	5FCV	BeFree	BioGRID
FEMALE_REPRODUCTIVE_ORGAN_CANCER	1.300206	P@TopK	SL-A-RF	5FCV	BeFree	BioGRID
FEMALE_REPRODUCTIVE_ORGAN_CANCER	0.583736	auROC	SL-A-RF	5FCV	BeFree	BioGRID
FUNDUS_DYSTROPHY	0.240407	auPRC	SL-A-RF	Holdout	BeFree	BioGRID
FUNDUS_DYSTROPHY	0.717748	P@TopK	SL-A-RF	Holdout	BeFree	BioGRID
FUNDUS_DYSTROPHY	0.553462	auROC	SL-A-RF	Holdout	BeFree	BioGRID
FUNDUS_DYSTROPHY	0.601177	auPRC	SL-A-RF	5FCV	BeFree	BioGRID
FUNDUS_DYSTROPHY	1.565752	P@TopK	SL-A-RF	5FCV	BeFree	BioGRID
FUNDUS_DYSTROPHY	0.543268	auROC	SL-A-RF	5FCV	BeFree	BioGRID
HEAD_AND_NECK_SQUAMOUS_CELL_CARCINOMA	0.004197	auPRC	SL-A-RF	Holdout	BeFree	BioGRID
HEAD_AND_NECK_SQUAMOUS_CELL_CARCINOMA	-inf	P@TopK	SL-A-RF	Holdout	BeFree	BioGRID
HEAD_AND_NECK_SQUAMOUS_CELL_CARCINOMA	0.499009	auROC	SL-A-RF	Holdout	BeFree	BioGRID
HEAD_AND_NECK_SQUAMOUS_CELL_CARCINOMA	0.623642	auPRC	SL-A-RF	5FCV	BeFree	BioGRID
HEAD_AND_NECK_SQUAMOUS_CELL_CARCINOMA	1.680099	P@TopK	SL-A-RF	5FCV	BeFree	BioGRID
HEAD_AND_NECK_SQUAMOUS_CELL_CARCINOMA	0.590573	auROC	SL-A-RF	5FCV	BeFree	BioGRID
HEART_DISEASE	1.322317	auPRC	SL-A-RF	Holdout	BeFree	BioGRID
HEART_DISEASE	1.452127	P@TopK	SL-A-RF	Holdout	BeFree	BioGRID
HEART_DISEASE	0.537113	auROC	SL-A-RF	Holdout	BeFree	BioGRID
HEART_DISEASE	1.111707	auPRC	SL-A-RF	5FCV	BeFree	BioGRID
HEART_DISEASE	1.532348	P@TopK	SL-A-RF	5FCV	BeFree	BioGRID
HEART_DISEASE	0.611783	auROC	SL-A-RF	5FCV	BeFree	BioGRID
HYPERTENSION	-0.276250	auPRC	SL-A-RF	Holdout	BeFree	BioGRID
HYPERTENSION	-inf	P@TopK	SL-A-RF	Holdout	BeFree	BioGRID
HYPERTENSION	0.417895	auROC	SL-A-RF	Holdout	BeFree	BioGRID
HYPERTENSION	1.131042	auPRC	SL-A-RF	5FCV	BeFree	BioGRID
HYPERTENSION	1.492392	P@TopK	SL-A-RF	5FCV	BeFree	BioGRID
HYPERTENSION	0.573038	auROC	SL-A-RF	5FCV	BeFree	BioGRID
INTELLECTUAL_DISABILITY	1.097832	auPRC	SL-A-RF	Holdout	BeFree	BioGRID
INTELLECTUAL_DISABILITY	0.991798	P@TopK	SL-A-RF	Holdout	BeFree	BioGRID
INTELLECTUAL_DISABILITY	0.607783	auROC	SL-A-RF	Holdout	BeFree	BioGRID
INTELLECTUAL_DISABILITY	1.534297	auPRC	SL-A-RF	5FCV	BeFree	BioGRID
INTELLECTUAL_DISABILITY	2.503519	P@TopK	SL-A-RF	5FCV	BeFree	BioGRID
INTELLECTUAL_DISABILITY	0.636553	auROC	SL-A-RF	5FCV	BeFree	BioGRID
INTESTINAL_BENIGN_NEOPLASM	-0.579202	auPRC	SL-A-RF	Holdout	BeFree	BioGRID
INTESTINAL_BENIGN_NEOPLASM	-inf	P@TopK	SL-A-RF	Holdout	BeFree	BioGRID
INTESTINAL_BENIGN_NEOPLASM	0.324960	auROC	SL-A-RF	Holdout	BeFree	BioGRID
INTESTINAL_BENIGN_NEOPLASM	0.590647	auPRC	SL-A-RF	5FCV	BeFree	BioGRID
INTESTINAL_BENIGN_NEOPLASM	1.244361	P@TopK	SL-A-RF	5FCV	BeFree	BioGRID
INTESTINAL_BENIGN_NEOPLASM	0.569036	auROC	SL-A-RF	5FCV	BeFree	BioGRID
KIDNEY_DISEASE	0.068134	auPRC	SL-A-RF	Holdout	BeFree	BioGRID
KIDNEY_DISEASE	-0.288839	P@TopK	SL-A-RF	Holdout	BeFree	BioGRID
KIDNEY_DISEASE	0.506013	auROC	SL-A-RF	Holdout	BeFree	BioGRID
